season,window,player,nationality,position,age,from_club,from_country,to_club,transfer_type,fee_eur_m,market_value_eur_m,fpl_name,games,minutes,total_points,points_per_90,eur_m_per_point,match_method
2016-17,Summer,Granit Xhaka,Switzerland,Defensive Midfield,23,Borussia Mönchengladbach,Germany,Arsenal,Permanent,45.0,35.0,Granit Xhaka,32,2483,85,3.08,0.529,exact
2016-17,Summer,Shkodran Mustafi,Germany,Centre-Back,24,Valencia,Spain,Arsenal,Permanent,41.0,20.0,Shkodran Mustafi,26,2274,90,3.56,0.456,exact
2016-17,Summer,Lucas Pérez,Spain,Centre-Forward,27,Deportivo de La Coruña,Spain,Arsenal,Permanent,20.0,12.0,Lucas Pérez,11,272,20,6.62,1.0,exact
2016-17,Summer,Takuma Asano,Japan,Right Winger,21,Sanfrecce Hiroshima,Japan,Arsenal,Permanent,4.0,1.2,Takuma Asano,0,0,0,,,exact
2016-17,Summer,Rob Holding,England,Centre-Back,20,Bolton Wanderers,England,Arsenal,Permanent,3.0,0.25,Rob Holding,9,810,32,3.56,0.094,exact
2016-17,Summer,Jordon Ibe,England,Right Winger,20,Liverpool,England,Bournemouth,Permanent,18.0,7.0,Jordon Ibe,25,1055,36,3.07,0.5,exact
2016-17,Summer,Lewis Cook,England,Central Midfield,19,Leeds United,England,Bournemouth,Permanent,7.0,4.0,Lewis Cook,6,432,17,3.54,0.412,exact
2016-17,Summer,Lys Mousset,France,Centre-Forward,20,Le Havre AC,France,Bournemouth,Permanent,6.5,0.4,Lys Mousset,11,270,14,4.67,0.464,exact
2016-17,Summer,Brad Smith,Australia,Left-Back,22,Liverpool,England,Bournemouth,Permanent,3.6,0.1,Bradley Smith,5,269,4,1.34,0.9,surname_verified
2016-17,Summer,Marc Wilson,Ireland,Centre-Back,28,Stoke City,England,Bournemouth,Permanent,2.3,3.0,Marc Wilson,4,255,0,0.0,,exact
2016-17,Summer,Jeff Hendrick,Ireland,Central Midfield,24,Derby County,England,Burnley,Permanent,11.8,1.5,Jeff Hendrick,32,2691,76,2.54,0.155,exact
2016-17,Summer,Steven Defour,Belgium,Defensive Midfield,28,RSC Anderlecht,Belgium,Burnley,Permanent,8.6,6.0,Steven Defour,21,1068,54,4.55,0.159,exact
2016-17,Summer,Jóhann Berg Gudmundsson,Iceland,Right Winger,25,Charlton Athletic,England,Burnley,Permanent,3.0,2.0,Johann Berg Gudmundsson,20,999,47,4.23,0.064,exact
2016-17,Summer,Nick Pope,England,Goalkeeper,24,Charlton Athletic,England,Burnley,Permanent,1.3,0.2,Nick Pope,0,0,0,,,exact
2016-17,Summer,Michy Batshuayi,Belgium,Centre-Forward,22,Olympique Marseille,France,Chelsea,Permanent,39.0,15.0,Michy Batshuayi,20,254,48,17.01,0.812,exact
2016-17,Summer,N'Golo Kanté,France,Defensive Midfield,25,Leicester City,England,Chelsea,Permanent,35.8,20.0,N'Golo Kanté,35,3138,83,2.38,0.431,exact
2016-17,Summer,David Luiz,Brazil,Centre-Back,29,Paris Saint-Germain,France,Chelsea,Permanent,35.0,28.0,David Luiz Moreira Marinho,33,2954,132,4.02,0.265,token_subset
2016-17,Summer,Marcos Alonso,Spain,Centre-Back,25,ACF Fiorentina,Italy,Chelsea,Permanent,23.0,9.0,Marcos Alonso,31,2693,177,5.92,0.13,exact
2016-17,Summer,Christian Benteke,Belgium,Centre-Forward,25,Liverpool,England,Crystal Palace,Permanent,31.2,27.0,Christian Benteke,36,3131,136,3.91,0.229,exact
2016-17,Summer,Andros Townsend,England,Right Winger,24,Newcastle United,England,Crystal Palace,Permanent,15.6,9.0,Andros Townsend,36,2520,116,4.14,0.134,exact
2016-17,Summer,James Tomkins,England,Centre-Back,27,West Ham United,England,Crystal Palace,Permanent,11.7,6.0,James Tomkins,24,1974,75,3.42,0.156,exact
2016-17,Summer,Yannick Bolasie,DR Congo,Centre-Forward,27,Crystal Palace,England,Everton,Permanent,28.9,14.0,Yannick Bolasie,14,1048,45,3.86,0.642,exact
2016-17,Summer,Ashley Williams,Wales,Centre-Back,31,Swansea City,England,Everton,Permanent,14.0,8.0,Ashley Williams,36,3160,127,3.62,0.11,exact
2016-17,Summer,Idrissa Gueye,Senegal,Defensive Midfield,26,Aston Villa,England,Everton,Permanent,8.5,9.0,Idrissa Gueye,33,2681,80,2.69,0.106,exact
2016-17,Summer,Dominic Calvert-Lewin,England,Centre-Forward,19,Sheffield United,England,Everton,Permanent,1.8,0.1,Dominic Calvert-Lewin,11,347,17,4.41,0.106,exact
2016-17,Summer,Maarten Stekelenburg,Netherlands,Goalkeeper,33,Fulham,England,Everton,Permanent,1.0,1.0,Maarten Stekelenburg,19,1683,68,3.64,0.015,exact
2016-17,Summer,Ryan Mason,England,Central Midfield,25,Tottenham Hotspur,England,Hull City,Permanent,15.4,7.5,Ryan Mason,16,927,26,2.52,0.592,exact
2016-17,Summer,David Marshall,Scotland,Goalkeeper,31,Cardiff City,England,Hull City,Permanent,4.1,2.5,David Marshall,16,1440,32,2.0,0.128,exact
2016-17,Summer,Will Keane,Ireland,Centre-Forward,23,Manchester United,England,Hull City,Permanent,1.2,1.5,Will Keane,5,280,8,2.57,0.15,exact
2016-17,Summer,James Weir,England,Central Midfield,21,Manchester United U23,England,Hull City,Permanent,0.2,,James Weir,0,0,0,,,exact
2016-17,Summer,Islam Slimani,Algeria,Centre-Forward,28,Sporting CP,Portugal,Leicester City,Permanent,31.0,22.0,Islam Slimani,23,1281,83,5.83,0.373,exact
2016-17,Summer,Ahmed Musa,Nigeria,Left Winger,23,CSKA Moscow,Russia,Leicester City,Permanent,19.5,18.0,Ahmed Musa,21,761,39,4.61,0.5,exact
2016-17,Summer,Nampalys Mendy,Senegal,Defensive Midfield,24,OGC Nice,France,Leicester City,Permanent,15.5,7.5,Nampalys Mendy,4,269,6,2.01,2.583,exact
2016-17,Summer,Bartosz Kapustka,Poland,Attacking Midfield,19,Cracovia,Poland,Leicester City,Permanent,5.0,5.0,Bartosz Kapustka,0,0,0,,,exact
2016-17,Summer,Ron-Robert Zieler,Germany,Goalkeeper,27,Hannover 96,Germany,Leicester City,Permanent,3.5,8.0,Ron-Robert Zieler,9,754,17,2.03,0.206,exact
2016-17,Summer,Sadio Mané,Senegal,Left Winger,24,Southampton,England,Liverpool,Permanent,41.2,20.0,Sadio Mané,27,2242,156,6.26,0.264,exact
2016-17,Summer,Georginio Wijnaldum,Netherlands,Central Midfield,25,Newcastle United,England,Liverpool,Permanent,27.5,20.0,Georginio Wijnaldum,36,2974,149,4.51,0.185,exact
2016-17,Summer,Loris Karius,Germany,Goalkeeper,23,1.FSV Mainz 05,Germany,Liverpool,Permanent,6.2,7.0,Loris Karius,10,900,32,3.2,0.194,exact
2016-17,Summer,Ragnar Klavan,Estonia,Centre-Back,30,Augsburg,Germany,Liverpool,Permanent,5.0,3.5,Ragnar Klavan,20,1410,43,2.74,0.116,exact
2016-17,Summer,John Stones,England,Centre-Back,22,Everton,England,Manchester City,Permanent,55.6,28.0,John Stones,27,2014,59,2.64,0.942,exact
2016-17,Summer,Leroy Sané,Germany,Right Winger,20,Schalke 04,Germany,Manchester City,Permanent,52.0,30.0,Leroy Sané,26,1781,105,5.31,0.495,exact
2016-17,Summer,İlkay Gündoğan,Germany,Central Midfield,25,Borussia Dortmund,Germany,Manchester City,Permanent,27.0,30.0,Ilkay Gündogan,10,704,41,5.24,0.659,exact
2016-17,Summer,Claudio Bravo,Chile,Goalkeeper,33,Barcelona,Spain,Manchester City,Permanent,18.0,15.0,Claudio Bravo,22,1968,73,3.34,0.247,exact
2016-17,Summer,Nolito,Spain,Left Winger,29,Celta de Vigo,Spain,Manchester City,Permanent,18.0,15.0,Manuel Agudo Durán,19,777,54,6.25,0.333,manual_override
2016-17,Summer,Marlos Moreno,Colombia,Left Winger,19,Atlético Nacional,Colombia,Manchester City,Permanent,5.5,1.0,,,,,,,unmatched
2016-17,Summer,Gerónimo Rulli,Argentina,Goalkeeper,24,Club Deportivo Maldonado,Uruguay,Manchester City,Permanent,4.7,8.0,,,,,,,unmatched
2016-17,Summer,Oleksandr Zinchenko,Ukraine,Left-Back,19,Ufa,Russia,Manchester City,Permanent,2.25,4.0,Oleksandr Zinchenko,0,0,0,,,exact
2016-17,Summer,Pablo Marí,Spain,Centre-Back,22,Gimnàstic de Tarragona,Spain,Manchester City,Permanent,0.2,0.5,,,,,,,unmatched
2016-17,Summer,Paul Pogba,France,Central Midfield,23,Juventus,Italy,Manchester United,Permanent,105.0,70.0,Paul Pogba,30,2608,115,3.97,0.913,exact
2016-17,Summer,Henrikh Mkhitaryan,Armenia,Central Midfield,27,Borussia Dortmund,Germany,Manchester United,Permanent,42.0,30.0,Henrikh Mkhitaryan,24,1348,73,4.87,0.575,exact
2016-17,Summer,Eric Bailly,Cote d'Ivoire,Centre-Back,22,Villarreal,Spain,Manchester United,Permanent,38.0,8.0,Eric Bailly,25,2058,105,4.59,0.362,exact
2016-17,Summer,Marten de Roon,Netherlands,Defensive Midfield,25,Atalanta BC,Italy,Middlesbrough,Permanent,10.5,5.0,Marten de Roon,33,2773,91,2.95,0.115,exact
2016-17,Summer,Adama Traoré,Spain,Right Winger,20,Aston Villa,England,Middlesbrough,Permanent,8.25,8.0,Adama Traoré,27,1543,52,3.03,0.159,exact
2016-17,Summer,Viktor Fischer,Denmark,Left Winger,22,Ajax Amsterdam,Netherlands,Middlesbrough,Permanent,5.0,5.0,Viktor Fischer,13,438,25,5.14,0.2,exact
2016-17,Summer,Antonio Barragán,Spain,Right-Back,29,Valencia,Spain,Middlesbrough,Permanent,2.7,4.0,Antonio Barragán,26,2193,71,2.91,0.038,exact
2016-17,Summer,Fábio,Brazil,Right-Back,26,Cardiff City,England,Middlesbrough,Permanent,2.3,3.0,,,,,,,unmatched
2016-17,Summer,Sofiane Boufal,Morocco,Attacking Midfield,22,LOSC Lille,France,Southampton,Permanent,18.7,13.0,Sofiane Boufal,24,1104,40,3.26,0.467,exact
2016-17,Summer,Pierre-Emile Højbjerg,Denmark,Defensive Midfield,20,Bayern Munich,Germany,Southampton,Permanent,15.0,6.0,Pierre-Emile Højbjerg,22,1300,38,2.63,0.395,exact
2016-17,Summer,Nathan Redmond,England,Right Winger,22,Norwich City,England,Southampton,Permanent,13.5,7.5,Nathan Redmond,37,2898,126,3.91,0.107,exact
2016-17,Summer,Alex McCarthy,England,Goalkeeper,26,Crystal Palace,England,Southampton,Permanent,4.7,3.0,Alex McCarthy,0,0,0,,,exact
2016-17,Summer,Joe Allen,Wales,Central Midfield,26,Liverpool,England,Stoke City,Permanent,15.5,8.0,Joe Allen,36,2930,118,3.62,0.131,exact
2016-17,Summer,Ramadan Sobhi,Egypt,Attacking Midfield,19,Al Ahly,Egypt,Stoke City,Permanent,5.0,1.5,Ramadan Sobhi,17,855,36,3.79,0.139,exact
2016-17,Summer,Harry Souttar,Australia,Centre-Back,17,Dundee United,Scotland,Stoke City,Permanent,3.62,,,,,,,,unmatched
2016-17,Summer,Ryan Sweeney,Ireland,Centre-Back,19,Wimbledon,England,Stoke City,Permanent,0.29,0.25,,,,,,,unmatched
2016-17,Summer,Didier Ndong,Gabon,Defensive Midfield,22,Lorient,France,Sunderland,Permanent,20.0,5.0,Didier Ndong,31,2520,67,2.39,0.299,exact
2016-17,Summer,Papy Djilobodji,Senegal,Centre-Back,27,Chelsea,England,Sunderland,Permanent,9.5,4.5,Papy Djilobodji,18,1577,24,1.37,0.396,exact
2016-17,Summer,Paddy McNair,Northern Ireland,Centre-Back,21,Manchester United,England,Sunderland,Permanent,5.25,4.0,Patrick McNair,9,353,12,3.06,0.438,surname_verified
2016-17,Summer,Mika,Portugal,Goalkeeper,25,Boavista,Portugal,Sunderland,Permanent,1.5,2.0,,,,,,,unmatched
2016-17,Summer,Donald Love,Scotland,Right-Back,21,Manchester United U23,England,Sunderland,Permanent,1.15,,Donald Love,12,611,21,3.09,0.055,exact
2016-17,Summer,Borja Bastón,Spain,Centre-Forward,23,Atlético de Madrid,Spain,Swansea City,Permanent,18.0,5.0,Borja Bastón,18,561,32,5.13,0.562,exact
2016-17,Summer,Alfie Mawson,England,Centre-Back,22,Barnsley,England,Swansea City,Permanent,5.9,0.3,Alfie Mawson,27,2430,94,3.48,0.063,exact
2016-17,Summer,Fernando Llorente,Spain,Centre-Forward,31,Sevilla,Spain,Swansea City,Permanent,5.9,6.0,Fernando Llorente,33,2442,146,5.38,0.04,exact
2016-17,Summer,Leroy Fer,Netherlands,Defensive Midfield,26,Queens Park Rangers,England,Swansea City,Permanent,5.6,8.5,Leroy Fer,34,2405,95,3.56,0.059,exact
2016-17,Summer,Mike van der Hoorn,Netherlands,Centre-Back,23,Ajax Amsterdam,Netherlands,Swansea City,Permanent,2.5,2.0,Mike van der Hoorn,8,662,16,2.18,0.156,exact
2016-17,Summer,Moussa Sissoko,France,Central Midfield,27,Newcastle United,England,Tottenham Hotspur,Permanent,35.0,13.0,Moussa Sissoko,25,909,43,4.26,0.814,exact
2016-17,Summer,Vincent Janssen,Netherlands,Centre-Forward,22,AZ Alkmaar,Netherlands,Tottenham Hotspur,Permanent,22.0,6.0,Vincent Janssen,27,845,55,5.86,0.4,exact
2016-17,Summer,Victor Wanyama,Kenya,Defensive Midfield,25,Southampton,England,Tottenham Hotspur,Permanent,14.4,15.0,Victor Wanyama,36,3012,103,3.08,0.14,exact
2016-17,Summer,Georges-Kevin N'Koudou,Cameroon,Left Winger,21,Olympique Marseille,France,Tottenham Hotspur,Permanent,11.0,7.0,Georges-Kévin Nkoudou,8,54,8,,1.375,fuzzy(georges kevin nkoudou)
2016-17,Summer,Isaac Success,Nigeria,Centre-Forward,20,Granada,Spain,Watford,Permanent,15.0,3.0,Isaac Success,19,519,28,4.86,0.536,exact
2016-17,Summer,Roberto Pereyra,Argentina,Central Midfield,25,Juventus,Italy,Watford,Permanent,13.5,16.0,Roberto Pereyra,13,1036,43,3.74,0.314,exact
2016-17,Summer,Sven Kums,Belgium,Central Midfield,28,KAA Gent,Belgium,Watford,Permanent,9.0,7.5,,,,,,,unmatched
2016-17,Summer,Daryl Janmaat,Netherlands,Right-Back,27,Newcastle United,England,Watford,Permanent,8.9,7.5,Daryl Janmaat,27,1614,50,2.79,0.178,exact
2016-17,Summer,Christian Kabasele,Belgium,Centre-Back,25,KRC Genk,Belgium,Watford,Permanent,6.95,6.0,Christian Kabasele,16,771,35,4.09,0.199,exact
2016-17,Summer,Stefano Okaka,Italy,Centre-Forward,27,RSC Anderlecht,Belgium,Watford,Permanent,6.0,6.5,Stefano Okaka,19,959,43,4.04,0.14,exact
2016-17,Summer,Younès Kaboul,France,Centre-Back,30,Sunderland,England,Watford,Permanent,4.0,2.5,Younes Kaboul,23,1910,57,2.69,0.07,exact
2016-17,Summer,Brice Dja Djedje,Cote d'Ivoire,Defensive Midfield,25,Olympique Marseille,France,Watford,Permanent,3.6,3.5,Brice Dja Djédjé,0,0,0,,,exact
2016-17,Summer,Nacer Chadli,Belgium,Left Winger,27,Tottenham Hotspur,England,West Bromwich Albion,Permanent,15.2,13.0,Nacer Chadli,31,2135,110,4.64,0.138,exact
2016-17,Summer,Matt Phillips,Scotland,Right Winger,25,Queens Park Rangers,England,West Bromwich Albion,Permanent,6.5,6.0,Matt Phillips,27,2181,115,4.75,0.057,exact
2016-17,Summer,Allan Nyom,Cameroon,Right-Back,28,Watford,England,West Bromwich Albion,Permanent,4.7,4.0,Allan-Roméo Nyom,32,2638,74,2.52,0.064,token_subset
2016-17,Summer,André Ayew,Ghana,Centre-Forward,26,Swansea City,England,West Ham United,Permanent,24.1,18.0,André Ayew,25,1439,89,5.57,0.271,exact
2016-17,Summer,Manuel Lanzini,Argentina,Attacking Midfield,23,Al-Jazira Club,United Arab Emirates,West Ham United,Permanent,12.0,9.0,Manuel Lanzini,35,2708,133,4.42,0.09,exact
2016-17,Summer,Arthur Masuaku,DR Congo,Left-Back,22,Olympiacos Piraeus,Greece,West Ham United,Permanent,7.1,7.0,Arthur Masuaku,13,972,34,3.15,0.209,exact
2016-17,Summer,Edimilson Fernandes,Switzerland,Defensive Midfield,20,Sion,Switzerland,West Ham United,Permanent,6.4,4.5,Edimilson Fernandes,28,1002,38,3.41,0.168,exact
2017-18,Summer,Alexandre Lacazette,France,Centre-Forward,26,Olympique Lyon,France,Arsenal,Permanent,53.0,40.0,Alexandre Lacazette,32,2197,138,5.65,0.384,exact
2017-18,Summer,Nathan Aké,Netherlands,Centre-Back,22,Chelsea,England,Bournemouth,Permanent,22.8,8.0,Nathan Aké,38,3352,102,2.74,0.224,exact
2017-18,Summer,Asmir Begovic,Bosnia-Herzegovina,Goalkeeper,30,Chelsea,England,Bournemouth,Permanent,11.5,8.0,Asmir Begovic,38,3420,112,2.95,0.103,exact
2017-18,Summer,José Izquierdo,Colombia,Left Winger,25,Club Brugge KV,Belgium,Brighton & Hove Albion,Permanent,18.0,14.0,José Heriberto Izquierdo Mena,32,1976,101,4.6,0.178,token_subset
2017-18,Summer,Davy Pröpper,Netherlands,Central Midfield,25,PSV Eindhoven,Netherlands,Brighton & Hove Albion,Permanent,13.0,10.0,Davy Pröpper,35,3118,87,2.51,0.149,exact
2017-18,Summer,Mathew Ryan,Australia,Goalkeeper,25,Valencia,Spain,Brighton & Hove Albion,Permanent,6.0,3.5,Mathew Ryan,38,3420,146,3.84,0.041,exact
2017-18,Summer,Markus Suttner,Austria,Left-Back,30,Ingolstadt 04,Germany,Brighton & Hove Albion,Permanent,4.5,2.0,Markus Suttner,14,1178,38,2.9,0.118,exact
2017-18,Summer,Pascal Groß,Germany,Central Midfield,26,Ingolstadt 04,Germany,Brighton & Hove Albion,Permanent,3.0,4.0,Pascal Groß,38,2928,164,5.04,0.018,exact
2017-18,Summer,Ezequiel Schelotto,Italy,Right Midfield,28,Sporting CP,Portugal,Brighton & Hove Albion,Permanent,3.0,4.5,Ezequiel Schelotto,20,1313,20,1.37,0.15,exact
2017-18,Summer,Ales Mateju,Czech Republic,Centre-Back,21,Viktoria Plzen,Czech Republic,Brighton & Hove Albion,Permanent,2.5,1.25,,,,,,,unmatched
2017-18,Summer,Mathias Normann,Norway,Defensive Midfield,21,FK Bodø/Glimt,Norway,Brighton & Hove Albion,Permanent,1.4,0.4,,,,,,,unmatched
2017-18,Summer,Soufyan Ahannach,Netherlands,Left Winger,21,Almere City,Netherlands,Brighton & Hove Albion,Permanent,0.6,0.3,,,,,,,unmatched
2017-18,Summer,Chris Wood,New Zealand,Centre-Forward,25,Leeds United,England,Burnley,Permanent,16.4,6.0,Chris Wood,24,1621,104,5.77,0.158,exact
2017-18,Summer,Jack Cork,England,Defensive Midfield,28,Swansea City,England,Burnley,Permanent,9.1,5.0,Jack Cork,38,3420,100,2.63,0.091,exact
2017-18,Summer,Nahki Wells,Bermuda,Centre-Forward,27,Huddersfield Town,England,Burnley,Permanent,5.4,5.0,Nahki Wells,9,46,9,,0.6,exact
2017-18,Summer,Jonathan Walters,Ireland,Right Winger,33,Stoke City,England,Burnley,Permanent,2.3,2.5,Jonathan Walters,3,36,3,,0.767,exact
2017-18,Summer,Phil Bardsley,Scotland,Right-Back,32,Stoke City,England,Burnley,Permanent,0.84,1.5,Phil Bardsley,13,1125,33,2.64,0.025,exact
2017-18,Summer,Álvaro Morata,Spain,Centre-Forward,24,Real Madrid,Spain,Chelsea,Permanent,66.0,40.0,Álvaro Morata,31,2055,122,5.34,0.541,exact
2017-18,Summer,Tiemoué Bakayoko,France,Defensive Midfield,22,AS Monaco,France,Chelsea,Permanent,40.0,16.0,Tiemoué Bakayoko,29,2121,77,3.27,0.519,exact
2017-18,Summer,Danny Drinkwater,England,Central Midfield,27,Leicester City,England,Chelsea,Permanent,37.9,9.0,Daniel Drinkwater,12,520,24,4.15,1.579,surname_verified
2017-18,Summer,Antonio Rüdiger,Germany,Centre-Back,24,AS Roma,Italy,Chelsea,Permanent,35.0,25.0,Antonio Rüdiger,27,2336,115,4.43,0.304,exact
2017-18,Summer,Davide Zappacosta,Italy,Right Midfield,25,Torino,Italy,Chelsea,Permanent,25.0,8.5,Davide Zappacosta,22,1087,58,4.8,0.431,exact
2017-18,Summer,Ethan Ampadu,Wales,Defensive Midfield,16,Exeter City,England,Chelsea,Permanent,2.8,,Ethan Ampadu,1,10,1,,2.8,exact
2017-18,Summer,Mamadou Sakho,France,Centre-Back,27,Liverpool,England,Crystal Palace,Permanent,28.2,15.0,Mamadou Sakho,19,1597,81,4.56,0.348,exact
2017-18,Summer,Jaïro Riedewald,Netherlands,Defensive Midfield,20,Ajax Amsterdam,Netherlands,Crystal Palace,Permanent,9.0,5.0,Jairo Riedewald,12,435,23,4.76,0.391,exact
2017-18,Summer,Gylfi Sigurdsson,Iceland,Attacking Midfield,27,Swansea City,England,Everton,Permanent,49.4,25.0,Gylfi Sigurdsson,27,2257,96,3.83,0.515,exact
2017-18,Summer,Jordan Pickford,England,Goalkeeper,23,Sunderland,England,Everton,Permanent,28.5,15.0,Jordan Pickford,38,3420,145,3.82,0.197,exact
2017-18,Summer,Michael Keane,England,Centre-Back,24,Burnley,England,Everton,Permanent,28.5,18.0,Michael Keane,30,2559,81,2.85,0.352,exact
2017-18,Summer,Davy Klaassen,Netherlands,Central Midfield,24,Ajax Amsterdam,Netherlands,Everton,Permanent,27.0,18.0,Davy Klaassen,7,248,7,2.54,3.857,exact
2017-18,Summer,Nikola Vlašić,Croatia,Attacking Midfield,19,HNK Hajduk Split,Croatia,Everton,Permanent,10.8,4.0,Nikola Vlasic,12,572,18,2.83,0.6,exact
2017-18,Summer,Henry Onyekuru,Nigeria,Left Winger,20,KAS Eupen,Belgium,Everton,Permanent,8.0,7.0,,,,,,,unmatched
2017-18,Summer,Sandro Ramírez,Spain,Centre-Forward,21,Málaga,Spain,Everton,Permanent,6.0,10.0,Sandro Ramírez,8,275,10,3.27,0.6,exact
2017-18,Summer,Steve Mounié,Benin,Centre-Forward,22,Montpellier HSC,France,Huddersfield Town,Permanent,13.0,5.5,Steve Mounie,28,1849,92,4.48,0.141,exact
2017-18,Summer,Aaron Mooy,Australia,Central Midfield,26,Manchester City,England,Huddersfield Town,Permanent,9.1,5.0,Aaron Mooy,36,3066,113,3.32,0.081,exact
2017-18,Summer,Tom Ince,England,Right Winger,25,Derby County,England,Huddersfield Town,Permanent,9.1,7.0,Tom Ince,33,2450,82,3.01,0.111,exact
2017-18,Summer,Scott Malone,England,Left-Back,26,Fulham,England,Huddersfield Town,Permanent,3.9,0.75,Scott Malone,22,1110,41,3.32,0.095,exact
2017-18,Summer,Laurent Depoitre,Belgium,Centre-Forward,28,Porto,Portugal,Huddersfield Town,Permanent,3.8,3.0,Laurent Depoitre,33,1807,94,4.68,0.04,exact
2017-18,Summer,Zanka,Denmark,Centre-Back,27,Copenhagen,Denmark,Huddersfield Town,Permanent,2.7,2.5,,,,,,,unmatched
2017-18,Summer,Abdelhamid Sabiri,Morocco,Attacking Midfield,20,1.FC Nuremberg,Germany,Huddersfield Town,Permanent,1.5,0.4,Abdelhamid Sabiri,5,217,10,4.15,0.15,exact
2017-18,Summer,Elias Kachunga,DR Congo,Centre-Forward,25,Ingolstadt 04,Germany,Huddersfield Town,Permanent,1.3,3.5,Elias Kachunga,19,1327,46,3.12,0.028,exact
2017-18,Summer,Kelechi Iheanacho,Nigeria,Centre-Forward,20,Manchester City,England,Leicester City,Permanent,27.7,15.0,Kelechi Iheanacho,21,818,54,5.94,0.513,exact
2017-18,Summer,Adrien Silva,Portugal,Central Midfield,28,Sporting CP,Portugal,Leicester City,Permanent,20.5,25.0,Adrien Sebastian Perruchet Silva,12,760,23,2.72,0.891,token_subset
2017-18,Summer,Vicente Iborra,Spain,Defensive Midfield,29,Sevilla,Spain,Leicester City,Permanent,15.0,9.0,Vicente Iborra,19,1411,58,3.7,0.259,exact
2017-18,Summer,Harry Maguire,England,Centre-Back,24,Hull City,England,Leicester City,Permanent,13.7,8.0,Harry Maguire,38,3420,117,3.08,0.117,exact
2017-18,Summer,Eldin Jakupović,Switzerland,Goalkeeper,32,Hull City,England,Leicester City,Permanent,2.3,1.0,Eldin Jakupovic,2,180,4,2.0,0.575,exact
2017-18,Summer,Sam Hughes,England,Centre-Back,20,Chester,England,Leicester City,Permanent,0.14,,Sam Hughes,0,0,0,,,exact
2017-18,Summer,Mohamed Salah,Egypt,Right Winger,25,AS Roma,Italy,Liverpool,Permanent,42.0,35.0,Mohamed Salah,36,2905,303,9.39,0.139,exact
2017-18,Summer,Alex Oxlade-Chamberlain,England,Central Midfield,24,Arsenal,England,Liverpool,Permanent,38.0,22.0,Alex Oxlade-Chamberlain,35,1718,94,4.92,0.404,exact
2017-18,Summer,Andrew Robertson,Scotland,Left-Back,23,Hull City,England,Liverpool,Permanent,9.0,7.0,Andrew Robertson,22,1940,111,5.15,0.081,exact
2017-18,Summer,Benjamin Mendy,France,Left-Back,23,AS Monaco,France,Manchester City,Permanent,57.5,13.0,Benjamin Mendy,7,360,20,5.0,2.875,exact
2017-18,Summer,Kyle Walker,England,Right-Back,27,Tottenham Hotspur,England,Manchester City,Permanent,52.7,30.0,Kyle Walker,32,2784,138,4.46,0.382,exact
2017-18,Summer,Bernardo Silva,Portugal,Attacking Midfield,22,AS Monaco,France,Manchester City,Permanent,50.0,40.0,Bernardo Mota Veiga de Carvalho e Silva,35,1514,112,6.66,0.446,token_subset
2017-18,Summer,Ederson,Brazil,Goalkeeper,23,SL Benfica,Portugal,Manchester City,Permanent,40.0,22.0,Ederson Santana de Moraes,36,3195,158,4.45,0.253,token_subset
2017-18,Summer,Danilo,Brazil,Centre-Back,26,Real Madrid,Spain,Manchester City,Permanent,30.0,16.0,Danilo Luiz da Silva,23,1340,100,6.72,0.3,token_subset
2017-18,Summer,Douglas Luiz,Brazil,Central Midfield,19,Clube de Regatas Vasco da Gama,Brazil,Manchester City,Permanent,12.0,,,,,,,,unmatched
2017-18,Summer,Olarenwaju Kayode,Nigeria,Centre-Forward,24,Austria Vienna,Austria,Manchester City,Permanent,3.8,4.0,,,,,,,unmatched
2017-18,Summer,Luka Ilic,Serbia,Attacking Midfield,18,Red Star Belgrade,Serbia,Manchester City,Permanent,2.5,,,,,,,,unmatched
2017-18,Summer,Romelu Lukaku,Belgium,Centre-Forward,24,Everton,England,Manchester United,Permanent,84.7,50.0,Romelu Lukaku,34,2866,162,5.09,0.523,exact
2017-18,Summer,Nemanja Matić,Serbia,Defensive Midfield,28,Chelsea,England,Manchester United,Permanent,44.7,35.0,Nemanja Matic,36,3117,91,2.63,0.491,exact
2017-18,Summer,Victor Lindelöf,Sweden,Centre-Back,22,SL Benfica,Portugal,Manchester United,Permanent,35.0,22.0,Victor Lindelöf,17,1284,47,3.29,0.745,exact
2017-18,Summer,Jacob Murphy,England,Right Winger,22,Norwich City,England,Newcastle United,Permanent,11.3,1.0,Jacob Murphy,25,1137,51,4.04,0.222,exact
2017-18,Summer,Florian Lejeune,France,Centre-Back,26,SD Eibar,Spain,Newcastle United,Permanent,10.0,5.0,Florian Lejeune,24,2103,66,2.82,0.152,exact
2017-18,Summer,Christian Atsu,Ghana,Left Winger,25,Chelsea,England,Newcastle United,Permanent,7.5,5.0,Christian Atsu,28,1776,78,3.95,0.096,exact
2017-18,Summer,Joselu,Spain,Centre-Forward,27,Stoke City,England,Newcastle United,Permanent,5.5,3.5,,,,,,,unmatched
2017-18,Summer,Javier Manquillo,Spain,Right-Back,23,Atlético de Madrid,Spain,Newcastle United,Permanent,5.0,4.0,Javier Manquillo,21,1757,49,2.51,0.102,exact
2017-18,Summer,Mario Lemina,Gabon,Defensive Midfield,23,Juventus,Italy,Southampton,Permanent,17.25,7.5,Mario Lemina,25,1715,58,3.04,0.297,exact
2017-18,Summer,Wesley Hoedt,Netherlands,Centre-Back,23,SS Lazio,Italy,Southampton,Permanent,16.0,7.5,Wesley Hoedt,28,2520,74,2.64,0.216,exact
2017-18,Summer,Jan Bednarek,Poland,Centre-Back,21,Lech Poznan,Poland,Southampton,Permanent,6.0,0.5,Jan Bednarek,5,427,22,4.64,0.273,exact
2017-18,Summer,Kevin Wimmer,Austria,Centre-Back,24,Tottenham Hotspur,England,Stoke City,Permanent,19.4,7.0,Kevin Wimmer,17,1321,19,1.29,1.021,exact
2017-18,Summer,Bruno Martins Indi,Netherlands,Centre-Back,25,Porto,Portugal,Stoke City,Permanent,7.7,11.0,Bruno Martins Indi,17,1242,20,1.45,0.385,exact
2017-18,Summer,Sam Clucas,England,Central Midfield,26,Hull City,England,Swansea City,Permanent,16.3,2.5,Sam Clucas,29,2039,75,3.31,0.217,exact
2017-18,Summer,Wilfried Bony,Cote d'Ivoire,Centre-Forward,28,Manchester City,England,Swansea City,Permanent,13.0,18.0,Wilfried Bony,15,701,33,4.24,0.394,exact
2017-18,Summer,Roque Mesa,Spain,Central Midfield,28,UD Las Palmas,Spain,Swansea City,Permanent,12.5,12.0,Roque Mesa,11,753,18,2.15,0.694,exact
2017-18,Summer,Cian Harries,Wales,Centre-Back,20,Coventry City,England,Swansea City,Permanent,0.28,0.07,,,,,,,unmatched
2017-18,Summer,Davinson Sánchez,Colombia,Centre-Back,21,Ajax Amsterdam,Netherlands,Tottenham Hotspur,Permanent,42.0,25.0,Davinson Sánchez,31,2532,107,3.8,0.393,exact
2017-18,Summer,Serge Aurier,Cote d'Ivoire,Right-Back,24,Paris Saint-Germain,France,Tottenham Hotspur,Permanent,25.0,15.0,Serge Aurier,17,1427,77,4.86,0.325,exact
2017-18,Summer,Fernando Llorente,Spain,Centre-Forward,32,Swansea City,England,Tottenham Hotspur,Permanent,15.1,6.0,Fernando Llorente,16,224,22,8.84,0.686,exact
2017-18,Summer,Juan Foyth,Argentina,Centre-Back,19,Club Estudiantes de La Plata,Argentina,Tottenham Hotspur,Permanent,10.5,5.0,Juan Foyth,0,0,0,,,exact
2017-18,Summer,Andre Gray,Jamaica,Centre-Forward,26,Burnley,England,Watford,Permanent,20.4,10.0,Andre Gray,31,1486,79,4.78,0.258,exact
2017-18,Summer,Richarlison,Brazil,Centre-Forward,20,Fluminense Football Club,Brazil,Watford,Permanent,12.4,2.0,Richarlison de Andrade,38,2817,125,3.99,0.099,token_subset
2017-18,Summer,Tom Cleverley,England,Central Midfield,27,Everton,England,Watford,Permanent,9.3,8.0,Tom Cleverley,23,1900,58,2.75,0.16,exact
2017-18,Summer,Will Hughes,England,Central Midfield,22,Derby County,England,Watford,Permanent,9.1,8.0,Will Hughes,15,987,53,4.83,0.172,exact
2017-18,Summer,Nathaniel Chalobah,England,Defensive Midfield,22,Chelsea,England,Watford,Permanent,6.3,5.0,Nathaniel Chalobah,6,447,13,2.62,0.485,exact
2017-18,Summer,Marvin Zeegelaar,Netherlands,Left-Back,27,Sporting CP,Portugal,Watford,Permanent,3.0,3.5,Marvin Zeegelaar,12,993,28,2.54,0.107,exact
2017-18,Summer,Dimitri Foulquier,Guadeloupe,Right-Back,24,Granada,Spain,Watford,Permanent,2.0,2.0,,,,,,,unmatched
2017-18,Summer,Oliver Burke,Scotland,Centre-Forward,20,RB Leipzig,Germany,West Bromwich Albion,Permanent,15.2,7.0,Oliver Burke,15,356,23,5.81,0.661,exact
2017-18,Summer,Jay Rodríguez,England,Centre-Forward,27,Southampton,England,West Bromwich Albion,Permanent,13.7,10.0,Jay Rodriguez,37,2807,109,3.49,0.126,exact
2017-18,Summer,Kieran Gibbs,England,Left-Back,27,Arsenal,England,West Bromwich Albion,Permanent,7.5,10.0,Kieran Gibbs,33,2826,86,2.74,0.087,exact
2017-18,Summer,Yuning Zhang,China,Centre-Forward,20,Vitesse Arnhem,Netherlands,West Bromwich Albion,Permanent,7.2,0.7,,,,,,,unmatched
2017-18,Summer,Gareth Barry,England,Defensive Midfield,36,Everton,England,West Bromwich Albion,Permanent,1.1,1.5,Gareth Barry,25,1921,56,2.62,0.02,exact
2017-18,Summer,Marko Arnautovic,Austria,Centre-Forward,28,Stoke City,England,West Ham United,Permanent,22.3,15.0,Marko Arnautovic,31,2309,144,5.61,0.155,exact
2017-18,Summer,Chicharito,Mexico,Centre-Forward,29,Bayer 04 Leverkusen,Germany,West Ham United,Permanent,17.8,18.0,,,,,,,unmatched
2017-18,Summer,Sead Haksabanovic,Montenegro,Left Winger,18,Halmstads BK,Sweden,West Ham United,Permanent,3.0,0.4,Sead Haksabanovic,0,0,0,,,exact
2018-19,Summer,Lucas Torreira,Uruguay,Defensive Midfield,22,UC Sampdoria,Italy,Arsenal,Permanent,28.65,30.0,Lucas Torreira,34,2377,78,2.95,0.367,exact
2018-19,Summer,Bernd Leno,Germany,Goalkeeper,26,Bayer 04 Leverkusen,Germany,Arsenal,Permanent,25.0,20.0,Bernd Leno,32,2835,106,3.37,0.236,exact
2018-19,Summer,Sokratis Papastathopoulos,Greece,Centre-Back,30,Borussia Dortmund,Germany,Arsenal,Permanent,16.0,20.0,Sokratis Papastathopoulos,25,2198,64,2.62,0.25,exact
2018-19,Summer,Mattéo Guendouzi,France,Central Midfield,19,Lorient,France,Arsenal,Permanent,8.0,2.5,Matteo Guendouzi,33,2140,47,1.98,0.17,exact
2018-19,Summer,Jefferson Lerma,Colombia,Defensive Midfield,23,Levante UD,Spain,Bournemouth,Permanent,30.5,2.0,Jefferson Lerma,30,2505,75,2.69,0.407,exact
2018-19,Summer,Diego Rico,Spain,Left-Back,25,CD Leganés,Spain,Bournemouth,Permanent,15.0,2.5,Diego Rico,12,606,8,1.19,1.875,exact
2018-19,Summer,David Brooks,Wales,Right Winger,20,Sheffield United,England,Bournemouth,Permanent,11.3,5.0,David Brooks,30,2263,123,4.89,0.092,exact
2018-19,Summer,Alireza Jahanbakhsh,Iran,Right Winger,24,AZ Alkmaar,Netherlands,Brighton & Hove Albion,Permanent,22.5,18.0,Alireza Jahanbakhsh,19,1014,33,2.93,0.682,exact
2018-19,Summer,Yves Bissouma,Mali,Defensive Midfield,21,LOSC Lille,France,Brighton & Hove Albion,Permanent,16.8,8.0,Yves Bissouma,28,1764,43,2.19,0.391,exact
2018-19,Summer,Bernardo,Brazil,Centre-Back,23,RB Leipzig,Germany,Brighton & Hove Albion,Permanent,10.0,6.0,,,,,,,unmatched
2018-19,Summer,Martín Montoya,Spain,Right-Back,27,Valencia,Spain,Brighton & Hove Albion,Permanent,7.0,8.0,Martín Montoya,25,2166,45,1.87,0.156,exact
2018-19,Summer,Florin Andone,Romania,Centre-Forward,25,Deportivo de La Coruña,Spain,Brighton & Hove Albion,Permanent,6.0,6.0,Florin Andone,23,866,38,3.95,0.158,exact
2018-19,Summer,David Button,England,Goalkeeper,29,Fulham,England,Brighton & Hove Albion,Permanent,4.5,1.5,David Button,4,360,15,3.75,0.3,exact
2018-19,Summer,Dan Burn,England,Centre-Back,26,Wigan Athletic,England,Brighton & Hove Albion,Permanent,3.55,0.75,Dan Burn,0,0,0,,,exact
2018-19,Summer,Percy Tau,South Africa,Right Winger,24,Mamelodi Sundowns,South Africa,Brighton & Hove Albion,Permanent,3.2,2.0,,,,,,,unmatched
2018-19,Summer,Anders Dreyer,Denmark,Right Winger,20,Esbjerg fB,Denmark,Brighton & Hove Albion,Permanent,2.2,0.6,,,,,,,unmatched
2018-19,Summer,Billy Arce,Ecuador,Left Winger,20,Independiente del Valle,Ecuador,Brighton & Hove Albion,Permanent,0.86,1.0,,,,,,,unmatched
2018-19,Summer,Leo Østigård,Norway,Centre-Back,18,Molde FK,Norway,Brighton & Hove Albion,Permanent,0.11,0.05,,,,,,,unmatched
2018-19,Summer,Ben Gibson,England,Centre-Back,25,Middlesbrough,England,Burnley,Permanent,16.9,10.0,Ben Gibson,1,62,6,,2.817,exact
2018-19,Summer,Matej Vydra,Czech Republic,Centre-Forward,26,Derby County,England,Burnley,Permanent,12.2,8.0,Matej Vydra,13,310,21,6.1,0.581,exact
2018-19,Summer,Joe Hart,England,Goalkeeper,31,Manchester City,England,Burnley,Permanent,3.9,10.0,Joe Hart,19,1710,69,3.63,0.057,exact
2018-19,Summer,Josh Murphy,England,Left Winger,23,Norwich City,England,Cardiff City,Permanent,11.4,1.5,Josh Murphy,29,1810,76,3.78,0.15,exact
2018-19,Summer,Bobby De Cordova-Reid,Jamaica,Right Winger,25,Bristol City,England,Cardiff City,Permanent,11.35,3.0,Bobby Reid,27,1413,80,5.1,0.142,token_subset
2018-19,Summer,Greg Cunningham,Ireland,Centre-Back,27,Preston North End,England,Cardiff City,Permanent,4.0,1.5,Greg Cunninghamm,7,630,9,1.29,0.444,fuzzy(greg cunninghamm)
2018-19,Summer,Alex Smithies,England,Goalkeeper,28,Queens Park Rangers,England,Cardiff City,Permanent,4.0,3.0,Alex Smithies,0,0,0,,,exact
2018-19,Summer,Kepa Arrizabalaga,Spain,Goalkeeper,23,Athletic Bilbao,Spain,Chelsea,Permanent,80.0,20.0,Kepa Arrizabalaga,36,3240,142,3.94,0.563,exact
2018-19,Summer,Jorginho,Italy,Defensive Midfield,26,SSC Napoli,Italy,Chelsea,Permanent,57.0,50.0,Jorge Luiz Frello Filho,37,3156,96,2.74,0.594,manual_override
2018-19,Summer,Cheikhou Kouyaté,Senegal,Defensive Midfield,28,West Ham United,England,Crystal Palace,Permanent,10.7,12.0,Cheikhou Kouyaté,31,1889,67,3.19,0.16,exact
2018-19,Summer,Richarlison,Brazil,Centre-Forward,21,Watford,England,Everton,Permanent,39.2,25.0,Richarlison de Andrade,35,2662,153,5.17,0.256,token_subset
2018-19,Summer,Yerry Mina,Colombia,Centre-Back,23,Barcelona,Spain,Everton,Permanent,30.25,20.0,Yerry Mina,13,891,36,3.64,0.84,exact
2018-19,Summer,Lucas Digne,France,Left-Back,25,Barcelona,Spain,Everton,Permanent,20.2,15.0,Lucas Digne,35,2964,158,4.8,0.128,exact
2018-19,Summer,Jean Michaël Seri,Cote d'Ivoire,Defensive Midfield,26,OGC Nice,France,Fulham,Permanent,30.0,30.0,Jean Michael Seri,32,2239,72,2.89,0.417,exact
2018-19,Summer,Frank Anguissa,Cameroon,Central Midfield,22,Olympique Marseille,France,Fulham,Permanent,24.85,18.0,André-Frank Zambo Anguissa,22,1512,37,2.2,0.672,token_subset
2018-19,Summer,Aleksandar Mitrović,Serbia,Centre-Forward,23,Newcastle United,England,Fulham,Permanent,24.7,15.0,Aleksandar Mitrovic,37,3280,134,3.68,0.184,exact
2018-19,Summer,Alfie Mawson,England,Centre-Back,24,Swansea City,England,Fulham,Permanent,16.85,15.0,Alfie Mawson,15,1130,19,1.51,0.887,exact
2018-19,Summer,Joe Bryan,England,Left-Back,24,Bristol City,England,Fulham,Permanent,6.7,5.0,Joe Bryan,28,2344,52,2.0,0.129,exact
2018-19,Summer,Fabri,Spain,Goalkeeper,30,Besiktas JK,Türkiye,Fulham,Permanent,6.0,4.0,,,,,,,unmatched
2018-19,Summer,Maxime Le Marchand,France,Centre-Back,28,OGC Nice,France,Fulham,Permanent,4.0,4.0,Maxime Le Marchand,26,2250,38,1.52,0.105,exact
2018-19,Summer,Terence Kongolo,Netherlands,Centre-Back,24,AS Monaco,France,Huddersfield Town,Permanent,20.0,10.0,Terence Kongolo,32,2716,60,1.99,0.333,exact
2018-19,Summer,Adama Diakhaby,France,Attacking Midfield,22,AS Monaco,France,Huddersfield Town,Permanent,10.0,5.0,Adama Diakhaby,12,548,19,3.12,0.526,exact
2018-19,Summer,Ramadan Sobhi,Egypt,Attacking Midfield,21,Stoke City,England,Huddersfield Town,Permanent,6.5,7.0,Ramadan Sobhi,4,75,4,,1.625,exact
2018-19,Summer,Florent Hadergjonaj,Kosovo,Right-Back,23,Ingolstadt 04,Germany,Huddersfield Town,Permanent,5.0,5.0,Florent Hadergjonaj,24,1837,50,2.45,0.1,exact
2018-19,Summer,Jonas Lössl,Denmark,Goalkeeper,29,1.FSV Mainz 05,Germany,Huddersfield Town,Permanent,2.5,5.0,Jonas Lössl,31,2777,99,3.21,0.025,exact
2018-19,Summer,Juninho Bacuna,Curacao,Central Midfield,20,Groningen,Netherlands,Huddersfield Town,Permanent,2.5,1.5,Juninho Bacuna,21,1410,39,2.49,0.064,exact
2018-19,Summer,James Maddison,England,Attacking Midfield,21,Norwich City,England,Leicester City,Permanent,25.0,10.0,James Maddison,36,2831,137,4.36,0.182,exact
2018-19,Summer,Ricardo Pereira,Portugal,Right-Back,24,Porto,Portugal,Leicester City,Permanent,22.0,20.0,Ricardo Domingos Barbosa Pereira,35,3123,146,4.21,0.151,token_subset
2018-19,Summer,Çağlar Söyüncü,Türkiye,Centre-Back,22,SC Freiburg,Germany,Leicester City,Permanent,21.1,18.0,Çaglar Söyüncü,6,371,9,2.18,2.344,exact
2018-19,Summer,Filip Benkovic,Croatia,Centre-Back,21,GNK Dinamo Zagreb,Croatia,Leicester City,Permanent,14.5,11.0,Filip Benkovic,0,0,0,,,exact
2018-19,Summer,Danny Ward,Wales,Goalkeeper,25,Liverpool,England,Leicester City,Permanent,14.0,2.5,Danny Ward,0,0,0,,,exact
2018-19,Summer,Rachid Ghezzal,Algeria,Right Winger,26,AS Monaco,France,Leicester City,Permanent,14.0,4.0,Rachid Ghezzal,19,733,28,3.44,0.5,exact
2018-19,Summer,Jonny Evans,Northern Ireland,Centre-Back,30,West Bromwich Albion,England,Leicester City,Permanent,4.0,15.0,Jonny Evans,24,1993,77,3.48,0.052,exact
2018-19,Summer,Alisson,Brazil,Goalkeeper,25,AS Roma,Italy,Liverpool,Permanent,72.5,60.0,Alisson Ramses Becker,38,3420,176,4.63,0.412,token_subset
2018-19,Summer,Naby Keïta,Guinea,Central Midfield,23,RB Leipzig,Germany,Liverpool,Permanent,60.0,65.0,Naby Keita,25,1385,67,4.35,0.896,exact
2018-19,Summer,Fabinho,Brazil,Defensive Midfield,24,AS Monaco,France,Liverpool,Permanent,45.0,45.0,Fabio Henrique Tavares,28,2011,65,2.91,0.692,manual_override
2018-19,Summer,Xherdan Shaqiri,Switzerland,Attacking Midfield,26,Stoke City,England,Liverpool,Permanent,14.7,18.0,Xherdan Shaqiri,24,1052,88,7.53,0.167,exact
2018-19,Summer,Riyad Mahrez,Algeria,Right Winger,27,Leicester City,England,Manchester City,Permanent,67.8,50.0,Riyad Mahrez,27,1331,102,6.9,0.665,exact
2018-19,Summer,Philippe Sandler,Netherlands,Centre-Back,21,PEC Zwolle,Netherlands,Manchester City,Permanent,2.5,2.5,Philippe Sandler,0,0,0,,,exact
2018-19,Summer,Daniel Arzani,Australia,Right Winger,19,Melbourne City,Australia,Manchester City,Permanent,0.89,1.5,,,,,,,unmatched
2018-19,Summer,Fred,Brazil,Central Midfield,25,Shakhtar Donetsk,Ukraine,Manchester United,Permanent,59.0,32.0,Frederico Rodrigues de Paula Santos,17,1039,40,3.46,1.475,manual_override
2018-19,Summer,Diogo Dalot,Portugal,Right-Back,19,Porto,Portugal,Manchester United,Permanent,22.0,15.0,José Diogo Dalot Teixeira,16,1009,27,2.41,0.815,token_subset
2018-19,Summer,Lee Grant,England,Goalkeeper,35,Stoke City,England,Manchester United,Permanent,1.7,1.0,Lee Grant,0,0,0,,,exact
2018-19,Summer,Yoshinori Muto,Japan,Centre-Forward,26,1.FSV Mainz 05,Germany,Newcastle United,Permanent,10.7,6.0,Yoshinori Muto,17,514,24,4.2,0.446,exact
2018-19,Summer,Mikel Merino,Spain,Central Midfield,22,Borussia Dortmund,Germany,Newcastle United,Permanent,7.0,10.0,Mikel Merino,0,0,0,,,exact
2018-19,Summer,Federico Fernández,Argentina,Centre-Back,29,Swansea City,England,Newcastle United,Permanent,6.7,8.0,Federico Fernández,19,1482,47,2.85,0.143,exact
2018-19,Summer,Fabian Schär,Switzerland,Centre-Back,26,Deportivo de La Coruña,Spain,Newcastle United,Permanent,4.0,3.0,Fabian Schär,24,2000,93,4.19,0.043,exact
2018-19,Summer,Martin Dúbravka,Slovakia,Goalkeeper,29,AC Sparta Prague,Czech Republic,Newcastle United,Permanent,4.0,4.0,Martin Dubravka,38,3420,131,3.45,0.031,exact
2018-19,Summer,Jannik Vestergaard,Denmark,Centre-Back,25,Borussia Mönchengladbach,Germany,Southampton,Permanent,25.0,14.0,Jannik Vestergaard,23,2027,50,2.22,0.5,exact
2018-19,Summer,Mohamed Elyounoussi,Norway,Second Striker,23,Basel 1893,Switzerland,Southampton,Permanent,18.0,8.5,Mohamed Elyounoussi,16,785,28,3.21,0.643,exact
2018-19,Summer,Angus Gunn,Scotland,Goalkeeper,22,Manchester City,England,Southampton,Permanent,11.3,2.0,Angus Gunn,12,1080,47,3.92,0.24,exact
2018-19,Summer,Stuart Armstrong,Scotland,Central Midfield,26,Celtic,Scotland,Southampton,Permanent,7.95,2.0,Stuart Armstrong,29,1421,75,4.75,0.106,exact
2018-19,Summer,Gerard Deulofeu,Spain,Centre-Forward,24,Barcelona,Spain,Watford,Permanent,13.0,14.0,Gerard Deulofeu,30,2064,133,5.8,0.098,exact
2018-19,Summer,Adam Masina,Morocco,Centre-Back,24,Bologna FC 1909,Italy,Watford,Permanent,5.0,7.0,Adam Masina,14,1002,26,2.34,0.192,exact
2018-19,Summer,Ben Foster,England,Goalkeeper,35,West Bromwich Albion,England,Watford,Permanent,2.8,3.0,Ben Foster,38,3420,129,3.39,0.022,exact
2018-19,Summer,Ken Sema,Sweden,Left Winger,24,Östersunds FK,Sweden,Watford,Permanent,2.25,1.0,Ken Sema,17,747,37,4.46,0.061,exact
2018-19,Summer,Marc Navarro,Spain,Right-Back,22,RCD Espanyol Barcelona,Spain,Watford,Permanent,2.0,2.0,Marc Navarro,2,84,2,,1.0,exact
2018-19,Summer,Ben Wilmot,England,Centre-Back,18,Stevenage,England,Watford,Permanent,1.7,,Ben Wilmot,2,26,1,,1.7,exact
2018-19,Summer,Domingos Quina,Portugal,Central Midfield,18,West Ham United U23,England,Watford,Permanent,1.1,,Domingos Quina,8,334,17,4.58,0.065,exact
2018-19,Summer,Felipe Anderson,Brazil,Right Winger,25,SS Lazio,Italy,West Ham United,Permanent,38.0,30.0,Felipe Anderson Pereira Gomes,36,3045,155,4.58,0.245,token_subset
2018-19,Summer,Issa Diop,France,Centre-Back,21,Toulouse,France,West Ham United,Permanent,25.0,22.0,Issa Diop,33,2970,87,2.64,0.287,exact
2018-19,Summer,Andriy Yarmolenko,Ukraine,Right Winger,28,Borussia Dortmund,Germany,West Ham United,Permanent,20.0,23.0,Andriy Yarmolenko,9,456,27,5.33,0.741,exact
2018-19,Summer,Lukasz Fabianski,Poland,Goalkeeper,33,Swansea City,England,West Ham United,Permanent,8.0,5.0,Lukasz Fabianski,38,3420,143,3.76,0.056,exact
2018-19,Summer,Lucas Pérez,Spain,Centre-Forward,29,Arsenal,England,West Ham United,Permanent,4.4,7.5,Lucas Pérez,15,465,33,6.39,0.133,exact
2018-19,Summer,Fabián Balbuena,Paraguay,Centre-Back,26,Sport Club Corinthians Paulista,Brazil,West Ham United,Permanent,4.0,5.0,Fabián Balbuena,23,2013,61,2.73,0.066,exact
2018-19,Summer,Xande Silva,Portugal,Left Winger,21,Vitória Guimarães,Portugal,West Ham United,Permanent,1.5,0.2,,,,,,,unmatched
2018-19,Summer,Adama Traoré,Spain,Right Winger,22,Middlesbrough,England,Wolverhampton Wanderers,Permanent,20.0,8.0,Adama Traoré,29,884,44,4.48,0.455,exact
2018-19,Summer,Rui Patrício,Portugal,Goalkeeper,30,Sporting CP,Portugal,Wolverhampton Wanderers,Permanent,18.0,16.0,Rui Pedro dos Santos Patrício,37,3330,118,3.19,0.153,token_subset
2018-19,Summer,Diogo Jota,Portugal,Left Winger,21,Atlético de Madrid,Spain,Wolverhampton Wanderers,Permanent,14.0,12.0,Diogo Jota,33,2352,139,5.32,0.101,exact
2018-19,Summer,Willy Boly,Cote d'Ivoire,Centre-Back,27,Porto,Portugal,Wolverhampton Wanderers,Permanent,12.0,5.0,Willy Boly,36,3168,120,3.41,0.1,exact
2018-19,Summer,Benik Afobe,DR Congo,Centre-Forward,25,Bournemouth,England,Wolverhampton Wanderers,Permanent,11.4,10.0,,,,,,,unmatched
2018-19,Summer,João Moutinho,Portugal,Central Midfield,31,AS Monaco,France,Wolverhampton Wanderers,Permanent,5.6,10.0,João Filipe Iria Santos Moutinho,38,3030,119,3.53,0.047,token_subset
2018-19,Summer,Maximilian Kilman,England,Centre-Back,21,Maidenhead United,England,Wolverhampton Wanderers,Permanent,4.75,,Max Kilman,1,1,1,,4.75,surname_verified
2018-19,Summer,Léo Bonatini,Brazil,Centre-Forward,24,Al-Hilal SFC,Saudi Arabia,Wolverhampton Wanderers,Permanent,4.0,5.0,,,,,,,unmatched
2018-19,Summer,Rúben Vinagre,Portugal,Left-Back,19,AS Monaco,France,Wolverhampton Wanderers,Permanent,2.25,0.5,Rúben Gonçalo Silva Nascimento Vinagre,17,703,24,3.07,0.094,token_subset
2019-20,Summer,Nicolas Pépé,Cote d'Ivoire,Right Winger,24,LOSC Lille,France,Arsenal,Permanent,80.0,65.0,Nicolas Pépé,31,2004,106,4.76,0.755,exact
2019-20,Summer,William Saliba,France,Centre-Back,18,AS Saint-Étienne,France,Arsenal,Permanent,30.0,12.0,,,,,,,unmatched
2019-20,Summer,Kieran Tierney,Scotland,Left-Back,22,Celtic,Scotland,Arsenal,Permanent,27.0,12.5,Kieran Tierney,15,986,42,3.83,0.643,exact
2019-20,Summer,David Luiz,Brazil,Centre-Back,32,Chelsea,England,Arsenal,Permanent,8.7,20.0,David Luiz Moreira Marinho,33,2809,94,3.01,0.093,token_subset
2019-20,Summer,Gabriel Martinelli,Brazil,Left Winger,18,Ituano Futebol Clube (SP),Brazil,Arsenal,Permanent,7.1,,Gabriel Teodoro Martinelli Silva,14,656,39,5.35,0.182,token_subset
2019-20,Summer,Wesley Moraes,Brazil,Centre-Forward,22,Club Brugge KV,Belgium,Aston Villa,Permanent,25.0,20.0,Wesley Moraes,21,1782,67,3.38,0.373,exact
2019-20,Summer,Tyrone Mings,England,Centre-Back,26,Bournemouth,England,Aston Villa,Permanent,22.3,5.0,Tyrone Mings,33,2902,90,2.79,0.248,exact
2019-20,Summer,Douglas Luiz,Brazil,Central Midfield,21,Manchester City,England,Aston Villa,Permanent,16.8,2.5,Douglas Luiz Soares de Paulo,36,2604,90,3.11,0.187,token_subset
2019-20,Summer,Matt Targett,England,Left-Back,23,Southampton,England,Aston Villa,Permanent,15.5,7.0,Matt Targett,28,2291,80,3.14,0.194,exact
2019-20,Summer,Ezri Konsa,England,Centre-Back,21,Brentford,England,Aston Villa,Permanent,13.3,3.5,Ezri Konsa Ngoyo,25,2038,65,2.87,0.205,token_subset
2019-20,Summer,Marvelous Nakamba,Zimbabwe,Defensive Midfield,25,Club Brugge KV,Belgium,Aston Villa,Permanent,12.0,6.5,Marvelous Nakamba,29,1826,43,2.12,0.279,exact
2019-20,Summer,Mahmoud Trezeguet,Egypt,Left Winger,24,Kasimpasa,Türkiye,Aston Villa,Permanent,10.0,6.0,,,,,,,unmatched
2019-20,Summer,Anwar El Ghazi,Netherlands,Right Winger,24,LOSC Lille,France,Aston Villa,Permanent,9.0,7.5,Anwar El Ghazi,34,2046,93,4.09,0.097,exact
2019-20,Summer,Tom Heaton,England,Goalkeeper,33,Burnley,England,Aston Villa,Permanent,8.8,3.0,Tom Heaton,20,1794,59,2.96,0.149,exact
2019-20,Summer,Björn Engels,Belgium,Centre-Back,24,Stade Reims,France,Aston Villa,Permanent,8.0,6.0,Bjorn Engels,17,1446,42,2.61,0.19,exact
2019-20,Summer,Jota Peleteiro,Spain,Right Winger,28,Birmingham City,England,Aston Villa,Permanent,4.5,5.0,,,,,,,unmatched
2019-20,Summer,Kortney Hause,England,Centre-Back,23,Wolverhampton Wanderers,England,Aston Villa,Permanent,3.4,1.0,Kortney Hause,18,1544,34,1.98,0.1,exact
2019-20,Summer,Philip Billing,Denmark,Central Midfield,23,Huddersfield Town,England,Bournemouth,Permanent,16.5,7.0,Philip Billing,34,2526,68,2.42,0.243,exact
2019-20,Summer,Arnaut Danjuma,Netherlands,Left Winger,22,Club Brugge KV,Belgium,Bournemouth,Permanent,16.46,12.0,Arnaut Danjuma Groeneveld,14,625,24,3.46,0.686,token_subset
2019-20,Summer,Lloyd Kelly,England,Centre-Back,20,Bristol City,England,Bournemouth,Permanent,14.8,9.0,Lloyd Kelly,8,638,11,1.55,1.345,exact
2019-20,Summer,Jack Stacey,England,Right-Back,23,Luton Town,England,Bournemouth,Permanent,4.45,,Jack Stacey,19,1547,39,2.27,0.114,exact
2019-20,Summer,Adam Webster,England,Centre-Back,24,Bristol City,England,Brighton & Hove Albion,Permanent,22.22,9.0,Adam Webster,31,2668,88,2.97,0.253,exact
2019-20,Summer,Neal Maupay,France,Centre-Forward,22,Brentford,England,Brighton & Hove Albion,Permanent,15.56,12.0,Neal Maupay,37,2763,131,4.27,0.119,exact
2019-20,Summer,Leandro Trossard,Belgium,Left Winger,24,KRC Genk,Belgium,Brighton & Hove Albion,Permanent,15.56,16.0,Leandro Trossard,31,2004,104,4.67,0.15,exact
2019-20,Summer,Matt Clarke,England,Centre-Back,22,Portsmouth,England,Brighton & Hove Albion,Permanent,3.9,0.2,Matthew Clarke,0,0,0,,,surname_verified
2019-20,Summer,Jay Rodríguez,England,Centre-Forward,29,West Bromwich Albion,England,Burnley,Permanent,10.0,10.0,Jay Rodriguez,36,2002,100,4.5,0.1,exact
2019-20,Summer,Bailey Peacock-Farrell,Northern Ireland,Goalkeeper,22,Leeds United,England,Burnley,Permanent,2.75,1.5,Bailey Peacock-Farrell,0,0,0,,,exact
2019-20,Summer,Erik Pieters,Netherlands,Left-Back,30,Stoke City,England,Burnley,Permanent,1.1,5.0,Erik Pieters,24,1876,77,3.69,0.014,exact
2019-20,Summer,Mateo Kovacic,Croatia,Central Midfield,25,Real Madrid,Spain,Chelsea,Permanent,45.0,35.0,Mateo Kovacic,31,2065,68,2.96,0.662,exact
2019-20,Summer,James McCarthy,Ireland,Central Midfield,28,Everton,England,Crystal Palace,Permanent,3.3,5.0,James McCarthy,33,1668,41,2.21,0.08,exact
2019-20,Summer,Jordan Ayew,Ghana,Centre-Forward,27,Swansea City,England,Crystal Palace,Permanent,2.8,8.0,Jordan Ayew,37,3148,132,3.77,0.021,exact
2019-20,Summer,Alex Iwobi,Nigeria,Left Winger,23,Arsenal,England,Everton,Permanent,30.4,25.0,Alex Iwobi,25,1591,52,2.94,0.585,exact
2019-20,Summer,Moise Kean,Italy,Centre-Forward,19,Juventus,Italy,Everton,Permanent,27.5,40.0,Moise Kean,29,830,53,5.75,0.519,exact
2019-20,Summer,André Gomes,Portugal,Central Midfield,25,Barcelona,Spain,Everton,Permanent,25.0,28.0,André Filipe Tavares Gomes,19,1457,39,2.41,0.641,token_subset
2019-20,Summer,Jean-Philippe Gbamin,Cote d'Ivoire,Defensive Midfield,23,1.FSV Mainz 05,Germany,Everton,Permanent,25.0,28.0,Jean-Philippe Gbamin,2,135,4,2.67,6.25,exact
2019-20,Summer,Fabian Delph,England,Central Midfield,29,Manchester City,England,Everton,Permanent,9.5,15.0,Fabian Delph,16,1187,24,1.82,0.396,exact
2019-20,Summer,Youri Tielemans,Belgium,Central Midfield,22,AS Monaco,France,Leicester City,Permanent,45.0,38.0,Youri Tielemans,37,2823,117,3.73,0.385,exact
2019-20,Summer,Ayoze Pérez,Spain,Centre-Forward,25,Newcastle United,England,Leicester City,Permanent,33.4,20.0,Ayoze Pérez,33,1998,129,5.81,0.259,exact
2019-20,Summer,Dennis Praet,Belgium,Central Midfield,25,UC Sampdoria,Italy,Leicester City,Permanent,19.2,24.0,Dennis Praet,27,1122,54,4.33,0.356,exact
2019-20,Summer,James Justin,England,Right-Back,21,Luton Town,England,Leicester City,Permanent,6.7,,James Justin,13,1010,35,3.12,0.191,exact
2019-20,Summer,Sepp van den Berg,Netherlands,Centre-Back,17,PEC Zwolle,Netherlands,Liverpool,Permanent,1.9,2.0,,,,,,,unmatched
2019-20,Summer,Rodri,Spain,Defensive Midfield,23,Atlético de Madrid,Spain,Manchester City,Permanent,70.0,80.0,Rodrigo Hernandez,35,2480,92,3.34,0.761,manual_override
2019-20,Summer,João Cancelo,Portugal,Right-Back,25,Juventus,Italy,Manchester City,Permanent,65.0,55.0,João Pedro Cavaco Cancelo,17,1205,45,3.36,1.444,token_subset
2019-20,Summer,Angeliño,Spain,Left-Back,22,PSV Eindhoven,Netherlands,Manchester City,Permanent,12.0,16.0,,,,,,,unmatched
2019-20,Summer,Pedro Porro,Spain,Right-Back,19,Girona,Spain,Manchester City,Permanent,12.0,10.0,,,,,,,unmatched
2019-20,Summer,Zack Steffen,United States,Goalkeeper,24,Columbus Crew,United States,Manchester City,Permanent,6.82,5.0,,,,,,,unmatched
2019-20,Summer,Ryotaro Meshino,Japan,Left Winger,21,Gamba Osaka,Japan,Manchester City,Permanent,1.0,0.5,,,,,,,unmatched
2019-20,Summer,Harry Maguire,England,Centre-Back,26,Leicester City,England,Manchester United,Permanent,87.0,50.0,Harry Maguire,38,3420,123,3.24,0.707,exact
2019-20,Summer,Aaron Wan-Bissaka,DR Congo,Right-Back,21,Crystal Palace,England,Manchester United,Permanent,55.0,35.0,Aaron Wan-Bissaka,35,3070,127,3.72,0.433,exact
2019-20,Summer,Daniel James,Wales,Right Winger,21,Swansea City,England,Manchester United,Permanent,17.8,12.0,Daniel James,33,2281,95,3.75,0.187,exact
2019-20,Summer,Joelinton,Brazil,Central Midfield,22,TSG 1899 Hoffenheim,Germany,Newcastle United,Permanent,43.5,35.0,Joelinton Cássio Apolinário de Lira,38,2678,78,2.62,0.558,token_subset
2019-20,Summer,Allan Saint-Maximin,France,Left Winger,22,OGC Nice,France,Newcastle United,Permanent,18.0,25.0,Allan Saint-Maximin,26,1860,92,4.45,0.196,exact
2019-20,Summer,Emil Krafth,Sweden,Right-Back,25,Amiens,France,Newcastle United,Permanent,5.4,2.5,Emil Krafth,17,1015,37,3.28,0.146,exact
2019-20,Summer,Sam Byram,England,Left-Back,25,West Ham United,England,Norwich City,Permanent,0.83,3.5,Sam Byram,17,1292,32,2.23,0.026,exact
2019-20,Summer,Daniel Adshead,England,Central Midfield,17,Rochdale,England,Norwich City,Permanent,0.34,,Daniel Adshead,0,0,0,,,exact
2019-20,Summer,Oli McBurnie,Scotland,Centre-Forward,23,Swansea City,England,Sheffield United,Permanent,19.1,8.0,Oliver McBurnie,36,2105,86,3.68,0.222,surname_verified
2019-20,Summer,Lys Mousset,France,Centre-Forward,23,Bournemouth,England,Sheffield United,Permanent,11.1,3.5,Lys Mousset,30,1223,84,6.18,0.132,exact
2019-20,Summer,Callum Robinson,Ireland,Centre-Forward,24,Preston North End,England,Sheffield United,Permanent,7.8,4.5,Callum Robinson,16,669,33,4.44,0.236,exact
2019-20,Summer,Luke Freeman,England,Attacking Midfield,27,Queens Park Rangers,England,Sheffield United,Permanent,5.6,3.5,Luke Freeman,11,360,13,3.25,0.431,exact
2019-20,Summer,Ben Osborn,England,Central Midfield,24,Nottingham Forest,England,Sheffield United,Permanent,3.9,3.0,Ben Osborn,13,590,19,2.9,0.205,exact
2019-20,Summer,Danny Ings,England,Centre-Forward,26,Liverpool,England,Southampton,Permanent,25.1,15.0,Danny Ings,38,2800,198,6.36,0.127,exact
2019-20,Summer,Ché Adams,Scotland,Centre-Forward,22,Birmingham City,England,Southampton,Permanent,16.7,7.0,Che Adams,30,1095,78,6.41,0.214,exact
2019-20,Summer,Moussa Djenepo,Mali,Left Winger,21,Standard Liège,Belgium,Southampton,Permanent,15.7,12.0,Moussa Djenepo,18,920,40,3.91,0.392,exact
2019-20,Summer,Tanguy Ndombélé,France,Central Midfield,22,Olympique Lyon,France,Tottenham Hotspur,Permanent,62.0,65.0,Tanguy Ndombele,21,1002,45,4.04,1.378,exact
2019-20,Summer,Ryan Sessegnon,England,Left-Back,19,Fulham,England,Tottenham Hotspur,Permanent,27.0,35.0,Ryan Sessegnon,6,341,9,2.38,3.0,exact
2019-20,Summer,Jack Clarke,England,Left Winger,18,Leeds United,England,Tottenham Hotspur,Permanent,11.0,6.0,,,,,,,unmatched
2019-20,Summer,Ismaïla Sarr,Senegal,Right Winger,21,Stade Rennais,France,Watford,Permanent,30.0,30.0,Ismaïla Sarr,28,2023,107,4.76,0.28,exact
2019-20,Summer,Craig Dawson,England,Centre-Back,29,West Bromwich Albion,England,Watford,Permanent,6.0,6.0,Craig Dawson,29,2359,61,2.33,0.098,exact
2019-20,Summer,Sébastien Haller,Cote d'Ivoire,Centre-Forward,25,Eintracht Frankfurt,Germany,West Ham United,Permanent,50.0,40.0,Sébastien Haller,32,2259,102,4.06,0.49,exact
2019-20,Summer,Pablo Fornals,Spain,Central Midfield,23,Villarreal,Spain,West Ham United,Permanent,28.0,25.0,Pablo Fornals,36,2167,93,3.86,0.301,exact
2019-20,Summer,Albian Ajeti,Switzerland,Centre-Forward,22,Basel 1893,Switzerland,West Ham United,Permanent,11.3,7.0,Albian Ajeti,9,132,9,6.14,1.256,exact
2019-20,Summer,Raúl Jiménez,Mexico,Centre-Forward,28,SL Benfica,Portugal,Wolverhampton Wanderers,Permanent,38.0,35.0,Raúl Jiménez,38,3241,194,5.39,0.196,exact
2019-20,Summer,Patrick Cutrone,Italy,Centre-Forward,21,AC Milan,Italy,Wolverhampton Wanderers,Permanent,18.0,28.0,Patrick Cutrone,12,292,23,7.09,0.783,exact
2019-20,Summer,Pedro Neto,Portugal,Right Winger,19,SS Lazio,Italy,Wolverhampton Wanderers,Permanent,17.9,2.5,Pedro Lomba Neto,29,920,57,5.58,0.314,token_subset
2019-20,Summer,Leander Dendoncker,Belgium,Defensive Midfield,24,RSC Anderlecht,Belgium,Wolverhampton Wanderers,Permanent,13.8,18.0,Leander Dendoncker,38,2790,100,3.23,0.138,exact
2019-20,Summer,Bruno Jordão,Portugal,Defensive Midfield,20,SS Lazio,Italy,Wolverhampton Wanderers,Permanent,8.9,1.0,Bruno André Cavaco Jordao,1,6,1,,8.9,token_subset
2019-20,Summer,Renat Dadashov,Azerbaijan,Centre-Forward,20,GD Estoril Praia,Portugal,Wolverhampton Wanderers,Permanent,0.5,0.23,,,,,,,unmatched
2020-21,Summer,Thomas Partey,Ghana,Defensive Midfield,27,Atlético de Madrid,Spain,Arsenal,Permanent,50.0,40.0,Thomas Partey,24,1529,47,2.77,1.064,exact
2020-21,Summer,Gabriel Magalhães,Brazil,Centre-Back,22,LOSC Lille,France,Arsenal,Permanent,26.0,20.0,Gabriel Magalhães,23,1996,78,3.52,0.333,exact
2020-21,Summer,Pablo Marí,Spain,Centre-Back,26,CR Flamengo,Brazil,Arsenal,Permanent,6.0,4.8,Pablo Marí,10,900,34,3.4,0.176,exact
2020-21,Summer,Rúnar Alex Rúnarsson,Iceland,Goalkeeper,25,Dijon FCO,France,Arsenal,Permanent,2.0,1.2,Rúnar Alex Rúnarsson,1,15,1,,2.0,exact
2020-21,Summer,Ollie Watkins,England,Centre-Forward,24,Brentford,England,Aston Villa,Permanent,34.0,12.0,Ollie Watkins,37,3328,168,4.54,0.202,exact
2020-21,Summer,Bertrand Traoré,Burkina Faso,Right Winger,25,Olympique Lyon,France,Aston Villa,Permanent,18.4,9.5,Bertrand Traoré,36,2315,135,5.25,0.136,exact
2020-21,Summer,Emiliano Martínez,Argentina,Goalkeeper,28,Arsenal,England,Aston Villa,Permanent,17.4,8.0,Emiliano Martínez,38,3420,186,4.89,0.094,exact
2020-21,Summer,Matty Cash,Poland,Right-Back,23,Nottingham Forest,England,Aston Villa,Permanent,15.75,4.8,Matthew Cash,28,2373,89,3.38,0.177,surname_verified
2020-21,Summer,Jakub Moder,Poland,Central Midfield,21,Lech Poznan,Poland,Brighton & Hove Albion,Permanent,11.0,3.0,Jakub Moder,12,643,21,2.94,0.524,exact
2020-21,Summer,Andi Zeqiri,Switzerland,Centre-Forward,21,Lausanne-Sport,Switzerland,Brighton & Hove Albion,Permanent,4.0,1.5,Andi Zeqiri,9,164,9,4.94,0.444,exact
2020-21,Summer,Michal Karbownik,Poland,Left Midfield,19,Legia Warszawa,Poland,Brighton & Hove Albion,Permanent,3.9,6.0,Michal Karbownik,0,0,0,,,exact
2020-21,Summer,Jan Paul van Hecke,Netherlands,Centre-Back,20,NAC Breda,Netherlands,Brighton & Hove Albion,Permanent,2.0,1.8,,,,,,,unmatched
2020-21,Summer,Joël Veltman,Netherlands,Right-Back,28,Ajax Amsterdam,Netherlands,Brighton & Hove Albion,Permanent,1.0,8.0,Joël Veltman,28,2280,96,3.79,0.01,exact
2020-21,Summer,Dale Stephens,England,Central Midfield,31,Brighton & Hove Albion,England,Burnley,Permanent,1.1,4.8,Dale Stephens,7,257,8,2.8,0.138,exact
2020-21,Summer,Kai Havertz,Germany,Centre-Forward,21,Bayer 04 Leverkusen,Germany,Chelsea,Permanent,100.0,81.0,Kai Havertz,27,1512,91,5.42,1.099,exact
2020-21,Summer,Timo Werner,Germany,Left Winger,24,RB Leipzig,Germany,Chelsea,Permanent,53.0,64.0,Timo Werner,35,2598,128,4.43,0.414,exact
2020-21,Summer,Ben Chilwell,England,Left-Back,23,Leicester City,England,Chelsea,Permanent,50.2,40.0,Benjamin Chilwell,27,2286,139,5.47,0.361,surname_verified
2020-21,Summer,Hakim Ziyech,Morocco,Right Winger,27,Ajax Amsterdam,Netherlands,Chelsea,Permanent,40.0,40.0,Hakim Ziyech,23,1164,70,5.41,0.571,exact
2020-21,Summer,Edouard Mendy,Senegal,Goalkeeper,28,Stade Rennais,France,Chelsea,Permanent,24.0,7.0,Edouard Mendy,31,2745,140,4.59,0.171,exact
2020-21,Summer,Eberechi Eze,England,Attacking Midfield,22,Queens Park Rangers,England,Crystal Palace,Permanent,17.8,9.0,Eberechi Eze,34,2555,125,4.4,0.142,exact
2020-21,Summer,Jack Butland,England,Goalkeeper,27,Stoke City,England,Crystal Palace,Permanent,1.1,3.5,Jack Butland,1,90,2,2.0,0.55,exact
2020-21,Summer,Ben Godfrey,England,Centre-Back,22,Norwich City,England,Everton,Permanent,27.5,16.0,Ben Godfrey,31,2683,100,3.35,0.275,exact
2020-21,Summer,Allan,Brazil,Defensive Midfield,29,SSC Napoli,Italy,Everton,Permanent,24.6,28.0,Allan Marques Loureiro,24,2050,47,2.06,0.523,manual_override
2020-21,Summer,Abdoulaye Doucouré,Mali,Attacking Midfield,27,Watford,England,Everton,Permanent,22.0,20.0,Abdoulaye Doucouré,29,2443,80,2.95,0.275,exact
2020-21,Summer,Niels Nkounkou,France,Left-Back,19,Olympique de Marseille B,France,Everton,Permanent,0.27,,Niels Nkounkou,2,80,2,,0.135,exact
2020-21,Summer,Anthony Knockaert,France,Right Winger,28,Brighton & Hove Albion,England,Fulham,Permanent,11.7,6.5,Anthony Knockaert,0,0,0,,,exact
2020-21,Summer,Harrison Reed,England,Central Midfield,25,Southampton,England,Fulham,Permanent,6.5,2.4,Harrison Reed,31,2243,69,2.77,0.094,exact
2020-21,Summer,Terence Kongolo,Netherlands,Centre-Back,26,Huddersfield Town,England,Fulham,Permanent,4.4,6.5,Terence Kongolo,1,90,2,2.0,2.2,exact
2020-21,Summer,Kenny Tete,Netherlands,Right-Back,24,Olympique Lyon,France,Fulham,Permanent,3.2,5.5,Kenny Tete,22,1477,50,3.05,0.064,exact
2020-21,Summer,Antonee Robinson,United States,Left-Back,23,Wigan Athletic,England,Fulham,Permanent,2.1,3.5,Antonee Robinson,28,2159,57,2.38,0.037,exact
2020-21,Summer,Tosin Adarabioyo,England,Centre-Back,23,Manchester City U23,England,Fulham,Permanent,1.65,2.8,Tosin Adarabioyo,33,2953,100,3.05,0.017,exact
2020-21,Summer,Rodrigo,Spain,Centre-Forward,29,Valencia,Spain,Leeds United,Permanent,30.0,40.0,Rodrigo Moreno,26,1279,89,6.26,0.337,manual_override
2020-21,Summer,Jean-Kévin Augustin,France,Centre-Forward,23,RB Leipzig,Germany,Leeds United,Permanent,21.0,9.5,,,,,,,unmatched
2020-21,Summer,Diego Llorente,Spain,Centre-Back,27,Real Sociedad,Spain,Leeds United,Permanent,20.0,20.0,Diego Llorente,15,1203,50,3.74,0.4,exact
2020-21,Summer,Raphinha,Brazil,Left Winger,23,Stade Rennais,France,Leeds United,Permanent,18.6,16.0,Raphael Dias Belloli,30,2358,133,5.08,0.14,manual_override
2020-21,Summer,Hélder Costa,Angola,Right Winger,26,Wolverhampton Wanderers,England,Leeds United,Permanent,17.7,8.0,Hélder Wander Sousa de Azevedo e Costa,22,1150,63,4.93,0.281,token_subset
2020-21,Summer,Robin Koch,Germany,Centre-Back,24,SC Freiburg,Germany,Leeds United,Permanent,13.0,17.0,Robin Koch,17,1130,38,3.03,0.342,exact
2020-21,Summer,Illan Meslier,France,Goalkeeper,20,Lorient,France,Leeds United,Permanent,6.5,4.5,Illan Meslier,35,3150,154,4.4,0.042,exact
2020-21,Summer,Joe Gelhardt,England,Centre-Forward,18,Wigan Athletic,England,Leeds United,Permanent,1.0,1.3,Joe Gelhardt,0,0,0,,,exact
2020-21,Summer,Wesley Fofana,France,Centre-Back,19,AS Saint-Étienne,France,Leicester City,Permanent,35.0,10.0,Wesley Fofana,28,2260,71,2.83,0.493,exact
2020-21,Summer,Timothy Castagne,Belgium,Right-Back,24,Atalanta BC,Italy,Leicester City,Permanent,20.9,18.0,Timothy Castagne,27,2345,94,3.61,0.222,exact
2020-21,Summer,Diogo Jota,Portugal,Left Winger,23,Wolverhampton Wanderers,England,Liverpool,Permanent,44.7,28.0,Diogo Jota,19,1106,86,7.0,0.52,exact
2020-21,Summer,Thiago Alcántara,Spain,Central Midfield,29,Bayern Munich,Germany,Liverpool,Permanent,22.0,48.0,,,,,,,unmatched
2020-21,Summer,Konstantinos Tsimikas,Greece,Left-Back,24,Olympiacos Piraeus,Greece,Liverpool,Permanent,13.0,9.0,Konstantinos Tsimikas,2,6,2,,6.5,exact
2020-21,Summer,Marcelo Pitaluga,Brazil,Goalkeeper,17,Fluminense FC U20,Brazil,Liverpool,Permanent,0.75,0.1,,,,,,,unmatched
2020-21,Summer,Rúben Dias,Portugal,Centre-Back,23,SL Benfica,Portugal,Manchester City,Permanent,71.6,35.0,Rúben Santos Gato Alves Dias,32,2843,142,4.5,0.504,token_subset
2020-21,Summer,Nathan Aké,Netherlands,Centre-Back,25,Bournemouth,England,Manchester City,Permanent,45.3,28.0,Nathan Aké,10,797,29,3.27,1.562,exact
2020-21,Summer,Ferran Torres,Spain,Centre-Forward,20,Valencia,Spain,Manchester City,Permanent,33.5,45.0,Ferran Torres,24,1297,95,6.59,0.353,exact
2020-21,Summer,Nahuel Bustos,Argentina,Centre-Forward,22,CA Talleres,Argentina,Manchester City,Permanent,6.5,6.7,,,,,,,unmatched
2020-21,Summer,Yan Couto,Brazil,Right-Back,18,Coritiba Foot Ball Club,Brazil,Manchester City,Permanent,6.0,3.6,,,,,,,unmatched
2020-21,Summer,Issa Kaboré,Burkina Faso,Right-Back,19,KV Mechelen,Belgium,Manchester City,Permanent,4.5,1.3,,,,,,,unmatched
2020-21,Summer,Donny van de Beek,Netherlands,Central Midfield,23,Ajax Amsterdam,Netherlands,Manchester United,Permanent,39.0,44.0,Donny van de Beek,19,511,32,5.64,1.219,exact
2020-21,Summer,Alex Telles,Brazil,Left-Back,27,Porto,Portugal,Manchester United,Permanent,15.0,40.0,Alex Nicolao Telles,9,689,25,3.27,0.6,token_subset
2020-21,Summer,Facundo Pellistri,Uruguay,Right Winger,18,CA Peñarol,Uruguay,Manchester United,Permanent,8.65,1.8,Facundo Pellistri,0,0,0,,,exact
2020-21,Summer,Callum Wilson,England,Centre-Forward,28,Bournemouth,England,Newcastle United,Permanent,22.25,20.0,Callum Wilson,26,2081,134,5.8,0.166,exact
2020-21,Summer,Jamal Lewis,Northern Ireland,Left-Back,22,Norwich City,England,Newcastle United,Permanent,16.5,11.0,Jamal Lewis,24,1833,44,2.16,0.375,exact
2020-21,Summer,Rhian Brewster,England,Centre-Forward,20,Liverpool FC U23,England,Sheffield United,Permanent,26.0,5.4,Rhian Brewster,27,1113,34,2.75,0.765,exact
2020-21,Summer,Aaron Ramsdale,England,Goalkeeper,22,Bournemouth,England,Sheffield United,Permanent,20.5,12.5,Aaron Ramsdale,38,3420,123,3.24,0.167,exact
2020-21,Summer,Oliver Burke,Scotland,Centre-Forward,23,West Bromwich Albion,England,Sheffield United,Permanent,6.5,4.8,Oliver Burke,25,1260,46,3.29,0.141,exact
2020-21,Summer,Jayden Bogle,England,Right-Back,20,Derby County,England,Sheffield United,Permanent,3.85,6.3,Jayden Bogle,16,1107,39,3.17,0.099,exact
2020-21,Summer,Max Lowe,England,Left-Back,23,Derby County,England,Sheffield United,Permanent,3.85,1.6,Max Lowe,8,549,9,1.48,0.428,exact
2020-21,Summer,Ismaila Coulibaly,Mali,Central Midfield,19,Sarpsborg 08 FF,Norway,Sheffield United,Permanent,2.0,0.1,,,,,,,unmatched
2020-21,Summer,Kyle Walker-Peters,England,Right-Back,23,Tottenham Hotspur,England,Southampton,Permanent,13.3,8.0,Kyle Walker-Peters,30,2646,93,3.16,0.143,exact
2020-21,Summer,Mohammed Salisu,Ghana,Centre-Back,21,Real Valladolid,Spain,Southampton,Permanent,12.0,12.0,Mohammed Salisu,12,841,14,1.5,0.857,exact
2020-21,Summer,Ibrahima Diallo,France,Defensive Midfield,21,Stade Brestois 29,France,Southampton,Permanent,12.0,15.0,Ibrahima Diallo,22,1010,31,2.76,0.387,exact
2020-21,Summer,Giovani Lo Celso,Argentina,Attacking Midfield,24,Real Betis Balompié,Spain,Tottenham Hotspur,Permanent,32.0,40.0,Giovani Lo Celso,18,939,35,3.35,0.914,exact
2020-21,Summer,Sergio Reguilón,Spain,Left-Back,23,Real Madrid,Spain,Tottenham Hotspur,Permanent,30.0,25.0,Sergio Reguilón,27,2244,89,3.57,0.337,exact
2020-21,Summer,Matt Doherty,Ireland,Right-Back,28,Wolverhampton Wanderers,England,Tottenham Hotspur,Permanent,16.8,16.0,Matt Doherty,17,1238,47,3.42,0.357,exact
2020-21,Summer,Pierre-Emile Højbjerg,Denmark,Defensive Midfield,25,Southampton,England,Tottenham Hotspur,Permanent,16.6,20.0,Pierre-Emile Højbjerg,38,3420,107,2.82,0.155,exact
2020-21,Summer,Joe Rodon,Wales,Centre-Back,22,Swansea City,England,Tottenham Hotspur,Permanent,12.1,7.0,Joe Rodon,12,732,27,3.32,0.448,exact
2020-21,Summer,Karlan Grant,England,Centre-Forward,23,Huddersfield Town,England,West Bromwich Albion,Permanent,16.5,8.0,Karlan Grant,21,1120,41,3.29,0.402,exact
2020-21,Summer,Grady Diangana,DR Congo,Right Winger,22,West Ham United,England,West Bromwich Albion,Permanent,13.5,4.5,Grady Diangana,20,1230,39,2.85,0.346,exact
2020-21,Summer,Matheus Pereira,Brazil,Attacking Midfield,24,Sporting CP,Portugal,West Bromwich Albion,Permanent,8.25,9.5,Matheus Pereira,33,2574,153,5.35,0.054,exact
2020-21,Summer,Cédric Kipré,Cote d'Ivoire,Centre-Back,23,Wigan Athletic,England,West Bromwich Albion,Permanent,1.1,1.2,Cedric Kipre,0,0,0,,,exact
2020-21,Summer,David Button,England,Goalkeeper,31,Brighton & Hove Albion,England,West Bromwich Albion,Permanent,1.1,1.2,David Button,1,90,2,2.0,0.55,exact
2020-21,Summer,Tomáš Souček,Czech Republic,Defensive Midfield,25,SK Slavia Prague,Czech Republic,West Ham United,Permanent,16.2,12.0,Tomas Soucek,38,3420,147,3.87,0.11,exact
2020-21,Summer,Vladimír Coufal,Czech Republic,Right-Back,28,SK Slavia Prague,Czech Republic,West Ham United,Permanent,6.0,2.0,Vladimir Coufal,34,3054,128,3.77,0.047,exact
2020-21,Summer,Fábio Silva,Portugal,Centre-Forward,18,Porto,Portugal,Wolverhampton Wanderers,Permanent,40.0,12.0,Fabio Silva,32,1352,72,4.79,0.556,exact
2020-21,Summer,Nélson Semedo,Portugal,Right-Back,26,Barcelona,Spain,Wolverhampton Wanderers,Permanent,32.0,40.0,Nélson Cabral Semedo,34,2983,109,3.29,0.294,token_subset
2020-21,Summer,Ki-Jana Hoever,Netherlands,Right-Back,18,Liverpool FC U23,England,Wolverhampton Wanderers,Permanent,9.8,3.6,Ki-Jana Hoever,12,573,13,2.04,0.754,exact
2020-21,Summer,Marçal,Brazil,Left-Back,31,Olympique Lyon,France,Wolverhampton Wanderers,Permanent,2.0,2.4,Fernando Marçal,13,618,19,2.77,0.105,token_subset
2020-21,Summer,Toti,Portugal,Centre-Back,21,GD Estoril Praia,Portugal,Wolverhampton Wanderers,Permanent,0.79,,,,,,,,unmatched
2021-22,Summer,Ben White,England,Right-Back,23,Brighton & Hove Albion,England,Arsenal,Permanent,58.5,28.0,Ben White,32,2880,107,3.34,0.547,exact
2021-22,Summer,Martin Ødegaard,Norway,Attacking Midfield,22,Real Madrid,Spain,Arsenal,Permanent,35.0,40.0,Martin Ødegaard,36,2782,131,4.24,0.267,exact
2021-22,Summer,Aaron Ramsdale,England,Goalkeeper,23,Sheffield United,England,Arsenal,Permanent,28.0,12.0,Aaron Ramsdale,34,3060,135,3.97,0.207,exact
2021-22,Summer,Takehiro Tomiyasu,Japan,Centre-Back,22,Bologna FC 1909,Italy,Arsenal,Permanent,18.6,20.0,Takehiro Tomiyasu,21,1680,75,4.02,0.248,exact
2021-22,Summer,Albert Sambi Lokonga,Belgium,Central Midfield,21,RSC Anderlecht,Belgium,Arsenal,Permanent,17.5,12.0,Albert Sambi Lokonga,19,1129,32,2.55,0.547,exact
2021-22,Summer,Nuno Tavares,Portugal,Left-Back,21,SL Benfica,Portugal,Arsenal,Permanent,8.0,7.0,Nuno Varela Tavares,22,1169,49,3.77,0.163,token_subset
2021-22,Summer,Emiliano Buendía,Argentina,Attacking Midfield,24,Norwich City,England,Aston Villa,Permanent,38.4,35.0,Emiliano Buendía Stati,35,1887,107,5.1,0.359,token_subset
2021-22,Summer,Leon Bailey,Jamaica,Right Winger,23,Bayer 04 Leverkusen,Germany,Aston Villa,Permanent,32.0,35.0,Leon Bailey,18,750,37,4.44,0.865,exact
2021-22,Summer,Danny Ings,England,Centre-Forward,29,Southampton,England,Aston Villa,Permanent,29.4,22.0,Danny Ings,30,1891,106,5.04,0.277,exact
2021-22,Summer,Kristoffer Ajer,Norway,Centre-Back,23,Celtic,Scotland,Brentford,Permanent,15.7,7.0,Kristoffer Ajer,24,1995,81,3.65,0.194,exact
2021-22,Summer,Frank Onyeka,Nigeria,Central Midfield,23,Midtjylland,Denmark,Brentford,Permanent,10.0,6.0,Frank Onyeka,20,1040,35,3.03,0.286,exact
2021-22,Summer,Yoane Wissa,DR Congo,Centre-Forward,24,Lorient,France,Brentford,Permanent,10.0,10.0,Yoane Wissa,30,1268,92,6.53,0.109,exact
2021-22,Summer,Myles Peart-Harris,Jamaica,Attacking Midfield,18,Chelsea FC U23,England,Brentford,Permanent,1.5,,Myles Peart-Harris,0,0,0,,,exact
2021-22,Summer,Enock Mwepu,Zambia,Central Midfield,23,Red Bull Salzburg,Austria,Brighton & Hove Albion,Permanent,23.0,13.0,Enock Mwepu,18,990,58,5.27,0.397,exact
2021-22,Summer,Marc Cucurella,Spain,Left-Back,23,Getafe,Spain,Brighton & Hove Albion,Permanent,18.0,20.0,Marc Cucurella,35,3089,126,3.67,0.143,exact
2021-22,Summer,Abdallah Sima,Senegal,Left Winger,20,SK Slavia Prague,Czech Republic,Brighton & Hove Albion,Permanent,8.0,11.0,,,,,,,unmatched
2021-22,Summer,Kjell Scherpen,Netherlands,Goalkeeper,21,Ajax Amsterdam,Netherlands,Brighton & Hove Albion,Permanent,5.0,2.8,Kjell Scherpen,0,0,0,,,exact
2021-22,Summer,Kaoru Mitoma,Japan,Left Winger,24,Kawasaki Frontale,Japan,Brighton & Hove Albion,Permanent,3.0,1.8,,,,,,,unmatched
2021-22,Summer,Jeremy Sarmiento,Ecuador,Left Winger,19,SL Benfica U19,Portugal,Brighton & Hove Albion,Permanent,0.58,,Jeremy Sarmiento,5,44,5,,0.116,exact
2021-22,Summer,Maxwel Cornet,Cote d'Ivoire,Left Winger,24,Olympique Lyon,France,Burnley,Permanent,15.0,12.0,Maxwel Cornet,26,1764,104,5.31,0.144,exact
2021-22,Summer,Nathan Collins,Ireland,Centre-Back,20,Stoke City,England,Burnley,Permanent,14.0,8.0,Nathan Collins,19,1670,55,2.96,0.255,exact
2021-22,Summer,Connor Roberts,Wales,Right-Back,25,Swansea City,England,Burnley,Permanent,2.9,4.5,Connor Roberts,21,1689,69,3.68,0.042,exact
2021-22,Summer,Romelu Lukaku,Belgium,Centre-Forward,28,Inter Milan,Italy,Chelsea,Permanent,113.0,100.0,Romelu Lukaku,26,1583,87,4.95,1.299,exact
2021-22,Summer,Marc Guéhi,England,Centre-Back,21,Chelsea,England,Crystal Palace,Permanent,23.34,10.0,Marc Guéhi,36,3222,123,3.44,0.19,exact
2021-22,Summer,Joachim Andersen,Denmark,Centre-Back,25,Olympique Lyon,France,Crystal Palace,Permanent,17.5,22.0,Joachim Andersen,34,2914,124,3.83,0.141,exact
2021-22,Summer,Odsonne Édouard,France,Centre-Forward,23,Celtic,Scotland,Crystal Palace,Permanent,16.3,17.0,Odsonne Edouard,28,1554,87,5.04,0.187,exact
2021-22,Summer,Michael Olise,France,Right Winger,19,Reading,England,Crystal Palace,Permanent,9.3,15.0,Michael Olise,26,1127,73,5.83,0.127,exact
2021-22,Summer,Will Hughes,England,Central Midfield,26,Watford,England,Crystal Palace,Permanent,7.0,7.0,Will Hughes,16,1050,34,2.91,0.206,exact
2021-22,Summer,Demarai Gray,Jamaica,Left Winger,25,Bayer 04 Leverkusen,Germany,Everton,Permanent,2.0,8.0,Demarai Gray,34,2336,106,4.08,0.019,exact
2021-22,Summer,Daniel James,Wales,Right Winger,23,Manchester United,England,Leeds United,Permanent,29.1,18.0,Daniel James,34,2489,91,3.29,0.32,exact
2021-22,Summer,Junior Firpo,Dominican Republic,Left-Back,24,Barcelona,Spain,Leeds United,Permanent,15.0,8.0,Héctor Junior Firpo Adames,24,1709,22,1.16,0.682,token_subset
2021-22,Summer,Jack Harrison,England,Left Winger,24,Manchester City,England,Leeds United,Permanent,12.8,15.0,Jack Harrison,35,2638,117,3.99,0.109,exact
2021-22,Summer,Kristoffer Klaesson,Norway,Goalkeeper,20,Vålerenga Fotball Elite,Norway,Leeds United,Permanent,2.4,2.0,Kristoffer Klaesson,1,35,2,,1.2,exact
2021-22,Summer,Patson Daka,Zambia,Centre-Forward,22,Red Bull Salzburg,Austria,Leicester City,Permanent,30.0,22.0,Patson Daka,23,1152,70,5.47,0.429,exact
2021-22,Summer,Boubakary Soumaré,France,Defensive Midfield,22,LOSC Lille,France,Leicester City,Permanent,20.0,28.0,Boubakary Soumaré,19,1095,36,2.96,0.556,exact
2021-22,Summer,Jannik Vestergaard,Denmark,Centre-Back,29,Southampton,England,Leicester City,Permanent,17.6,18.0,Jannik Vestergaard,10,563,11,1.76,1.6,exact
2021-22,Summer,Ibrahima Konaté,France,Centre-Back,22,RB Leipzig,Germany,Liverpool,Permanent,40.0,35.0,Ibrahima Konaté,11,990,33,3.0,1.212,exact
2021-22,Summer,Jack Grealish,England,Left Winger,25,Aston Villa,England,Manchester City,Permanent,117.5,65.0,Jack Grealish,26,1910,86,4.05,1.366,exact
2021-22,Summer,Jadon Sancho,England,Left Winger,21,Borussia Dortmund,Germany,Manchester United,Permanent,85.0,100.0,Jadon Sancho,29,1894,91,4.32,0.934,exact
2021-22,Summer,Raphaël Varane,France,Centre-Back,28,Real Madrid,Spain,Manchester United,Permanent,40.0,70.0,Raphaël Varane,22,1829,75,3.69,0.533,exact
2021-22,Summer,Cristiano Ronaldo,Portugal,Centre-Forward,36,Juventus,Italy,Manchester United,Permanent,17.0,45.0,Cristiano Ronaldo dos Santos Aveiro,30,2454,159,5.83,0.107,token_subset
2021-22,Summer,Joe Willock,England,Central Midfield,21,Arsenal,England,Newcastle United,Permanent,29.4,16.0,Joseph Willock,29,2037,79,3.49,0.372,surname_verified
2021-22,Summer,Christos Tzolis,Greece,Left Winger,19,PAOK Thessaloniki,Greece,Norwich City,Permanent,11.0,12.0,Christos Tzolis,14,326,16,4.42,0.688,exact
2021-22,Summer,Milot Rashica,Kosovo,Right Winger,25,SV Werder Bremen,Germany,Norwich City,Permanent,11.0,9.0,Milot Rashica,31,2228,70,2.83,0.157,exact
2021-22,Summer,Josh Sargent,United States,Centre-Forward,21,SV Werder Bremen,Germany,Norwich City,Permanent,9.5,8.0,Joshua Sargent,26,1566,60,3.45,0.158,surname_verified
2021-22,Summer,Ben Gibson,England,Centre-Back,28,Burnley,England,Norwich City,Permanent,9.3,7.0,Ben Gibson,28,2494,53,1.91,0.175,exact
2021-22,Summer,Dimitrios Giannoulis,Greece,Left-Back,25,PAOK Thessaloniki,Greece,Norwich City,Permanent,7.5,7.0,Dimitris Giannoulis,18,1165,39,3.01,0.192,surname_verified
2021-22,Summer,Angus Gunn,Scotland,Goalkeeper,25,Southampton,England,Norwich City,Permanent,5.85,3.0,Angus Gunn,9,810,31,3.44,0.189,exact
2021-22,Summer,Pierre Lees-Melou,France,Defensive Midfield,28,OGC Nice,France,Norwich City,Permanent,3.9,7.0,Pierre Lees-Melou,33,2261,70,2.79,0.056,exact
2021-22,Summer,Tino Livramento,England,Right-Back,18,Chelsea FC U23,England,Southampton,Permanent,26.2,,Tino Livramento,28,2200,80,3.27,0.328,exact
2021-22,Summer,Adam Armstrong,England,Centre-Forward,24,Blackburn Rovers,England,Southampton,Permanent,17.7,18.0,Adam Armstrong,23,1409,57,3.64,0.311,exact
2021-22,Summer,Romain Perraud,France,Left-Back,23,Stade Brestois 29,France,Southampton,Permanent,12.0,8.0,Romain Perraud,20,1621,38,2.11,0.316,exact
2021-22,Summer,Lyanco,Brazil,Centre-Back,24,Torino,Italy,Southampton,Permanent,7.5,5.0,Lyanco Evangelista Silveira Neves Vojnovic,15,906,19,1.89,0.395,token_subset
2021-22,Summer,Emerson Royal,Brazil,Right-Back,22,Barcelona,Spain,Tottenham Hotspur,Permanent,25.0,25.0,Emerson Aparecido Leite de Souza Junior,31,2282,102,4.02,0.245,manual_override
2021-22,Summer,Bryan Gil,Spain,Left Winger,20,Sevilla,Spain,Tottenham Hotspur,Permanent,25.0,30.0,Bryan Gil Salvatierra,9,86,9,,2.778,token_subset
2021-22,Summer,Pape Matar Sarr,Senegal,Central Midfield,18,Metz,France,Tottenham Hotspur,Permanent,16.9,10.0,,,,,,,unmatched
2021-22,Summer,Imrân Louza,Morocco,Central Midfield,22,Nantes,France,Watford,Permanent,10.0,12.0,Imrân Louza,20,1415,31,1.97,0.323,exact
2021-22,Summer,Emmanuel Dennis,Nigeria,Centre-Forward,23,Club Brugge KV,Belgium,Watford,Permanent,4.0,5.0,Emmanuel Dennis,33,2579,134,4.68,0.03,exact
2021-22,Summer,Moussa Sissoko,France,Central Midfield,32,Tottenham Hotspur,England,Watford,Permanent,3.5,10.0,Moussa Sissoko,36,3220,85,2.38,0.041,exact
2021-22,Summer,Mattie Pollock,England,Centre-Back,19,Grimsby Town,England,Watford,Permanent,0.3,,Matthew Pollock,0,0,0,,,surname_verified
2021-22,Summer,Kurt Zouma,France,Centre-Back,26,Chelsea,England,West Ham United,Permanent,35.0,32.0,Kurt Zouma,24,2078,66,2.86,0.53,exact
2021-22,Summer,Nikola Vlašić,Croatia,Attacking Midfield,23,CSKA Moscow,Russia,West Ham United,Permanent,30.0,30.0,Nikola Vlasic,19,549,30,4.92,1.0,exact
2021-22,Summer,Craig Dawson,England,Centre-Back,31,Watford,England,West Ham United,Permanent,2.3,3.0,Craig Dawson,34,2752,90,2.94,0.026,exact
2021-22,Summer,Rayan Aït-Nouri,Algeria,Left-Back,20,Angers SCO,France,Wolverhampton Wanderers,Permanent,11.1,18.0,Rayan Ait Nouri,23,1826,87,4.29,0.128,exact
2021-22,Summer,José Sá,Portugal,Goalkeeper,28,Olympiacos Piraeus,Greece,Wolverhampton Wanderers,Permanent,8.0,7.5,José Malheiro de Sá,37,3285,146,4.0,0.055,token_subset
2021-22,Summer,Yerson Mosquera,Colombia,Centre-Back,20,Atlético Nacional,Colombia,Wolverhampton Wanderers,Permanent,5.2,1.7,Yerson Mosquera Valdelamar,0,0,0,,,token_subset
2021-22,Summer,Bendegúz Bolla,Hungary,Right-Back,21,Videoton FC Fehérvár,Hungary,Wolverhampton Wanderers,Permanent,2.0,0.6,,,,,,,unmatched
2022-23,Summer,Gabriel Jesus,Brazil,Centre-Forward,25,Manchester City,England,Arsenal,Permanent,52.2,50.0,Gabriel Fernando de Jesus,26,2064,125,5.45,0.418,token_subset
2022-23,Summer,Fábio Vieira,Portugal,Attacking Midfield,22,Porto,Portugal,Arsenal,Permanent,35.0,25.0,Fábio Ferreira Vieira,22,500,40,7.2,0.875,token_subset
2022-23,Summer,Oleksandr Zinchenko,Ukraine,Left-Back,25,Manchester City,England,Arsenal,Permanent,35.0,25.0,Oleksandr Zinchenko,27,2122,99,4.2,0.354,exact
2022-23,Summer,Matt Turner,United States,Goalkeeper,28,New England Revolution,United States,Arsenal,Permanent,5.9,5.0,Matt Turner,0,0,0,,,exact
2022-23,Summer,Marquinhos,Brazil,Right Winger,19,São Paulo Futebol Clube,Brazil,Arsenal,Permanent,3.5,7.0,,,,,,,unmatched
2022-23,Summer,Diego Carlos,Brazil,Centre-Back,29,Sevilla,Spain,Aston Villa,Permanent,31.0,40.0,Diego Carlos Santos Silva,3,205,4,1.76,7.75,token_subset
2022-23,Summer,Philippe Coutinho,Brazil,Attacking Midfield,30,Barcelona,Spain,Aston Villa,Permanent,20.0,20.0,Philippe Coutinho Correia,20,777,32,3.71,0.625,token_subset
2022-23,Summer,Leander Dendoncker,Belgium,Defensive Midfield,27,Wolverhampton Wanderers,England,Aston Villa,Permanent,15.0,28.0,Leander Dendoncker,24,897,37,3.71,0.405,exact
2022-23,Summer,Robin Olsen,Sweden,Goalkeeper,32,AS Roma,Italy,Aston Villa,Permanent,3.5,2.0,Robin Olsen,4,280,10,3.21,0.35,exact
2022-23,Summer,Marcos Senesi,Argentina,Centre-Back,25,Feyenoord Rotterdam,Netherlands,Bournemouth,Permanent,15.0,17.0,Marcos Senesi,31,2489,69,2.49,0.217,exact
2022-23,Summer,Marcus Tavernier,England,Left Midfield,23,Middlesbrough,England,Bournemouth,Permanent,11.9,4.5,Marcus Tavernier,23,1740,94,4.86,0.127,exact
2022-23,Summer,Keane Lewis-Potter,England,Left Midfield,21,Hull City,England,Brentford,Permanent,19.0,12.0,Keane Lewis-Potter,10,313,14,4.03,1.357,exact
2022-23,Summer,Mikkel Damsgaard,Denmark,Attacking Midfield,22,UC Sampdoria,Italy,Brentford,Permanent,15.0,15.0,Mikkel Damsgaard,26,970,33,3.06,0.455,exact
2022-23,Summer,Aaron Hickey,Scotland,Right-Back,20,Bologna FC 1909,Italy,Brentford,Permanent,14.25,18.0,Aaron Hickey,26,1918,63,2.96,0.226,exact
2022-23,Summer,Pervis Estupiñán,Ecuador,Left-Back,24,Villarreal,Spain,Brighton & Hove Albion,Permanent,17.8,20.0,Pervis Estupiñán,35,2674,128,4.31,0.139,exact
2022-23,Summer,Julio Enciso,Paraguay,Attacking Midfield,18,Club Libertad Asunción,Paraguay,Brighton & Hove Albion,Permanent,11.6,11.0,Julio Enciso,20,794,57,6.46,0.204,exact
2022-23,Summer,Billy Gilmour,Scotland,Defensive Midfield,21,Chelsea,England,Brighton & Hove Albion,Permanent,8.3,12.0,Billy Gilmour,14,502,21,3.76,0.395,exact
2022-23,Summer,Simon Adingra,Cote d'Ivoire,Left Winger,20,Nordsjaelland,Denmark,Brighton & Hove Albion,Permanent,8.0,1.5,,,,,,,unmatched
2022-23,Summer,Wesley Fofana,France,Centre-Back,21,Leicester City,England,Chelsea,Permanent,80.4,40.0,Wesley Fofana,17,1362,37,2.44,2.173,exact
2022-23,Summer,Marc Cucurella,Spain,Left-Back,24,Brighton & Hove Albion,England,Chelsea,Permanent,65.3,28.0,Marc Cucurella Saseta,24,1669,65,3.51,1.005,token_subset
2022-23,Summer,Raheem Sterling,England,Right Winger,27,Manchester City,England,Chelsea,Permanent,56.2,70.0,Raheem Sterling,28,1886,101,4.82,0.556,exact
2022-23,Summer,Kalidou Koulibaly,Senegal,Centre-Back,31,SSC Napoli,Italy,Chelsea,Permanent,41.9,35.0,Kalidou Koulibaly,23,1798,74,3.7,0.566,exact
2022-23,Summer,Carney Chukwuemeka,England,Central Midfield,18,Aston Villa,England,Chelsea,Permanent,18.0,6.0,Carney Chukwuemeka,14,342,18,4.74,1.0,exact
2022-23,Summer,Cesare Casadei,Italy,Central Midfield,19,Inter Milan,Italy,Chelsea,Permanent,14.86,1.0,,,,,,,unmatched
2022-23,Summer,Pierre-Emerick Aubameyang,Gabon,Centre-Forward,33,Barcelona,Spain,Chelsea,Permanent,12.0,15.0,Pierre-Emerick Aubameyang,15,546,25,4.12,0.48,exact
2022-23,Summer,Gabriel Slonina,United States,Goalkeeper,18,Chicago Fire,United States,Chelsea,Permanent,9.09,3.0,,,,,,,unmatched
2022-23,Summer,Cheick Doucouré,Mali,Defensive Midfield,22,RC Lens,France,Crystal Palace,Permanent,22.6,15.0,Cheick Doucouré,34,2770,74,2.4,0.305,exact
2022-23,Summer,Chris Richards,United States,Centre-Back,22,Bayern Munich,Germany,Crystal Palace,Permanent,12.0,7.5,Chris Richards,9,443,13,2.64,0.923,exact
2022-23,Summer,Amadou Onana,Belgium,Defensive Midfield,20,LOSC Lille,France,Everton,Permanent,39.87,10.0,Amadou Onana,33,2486,77,2.79,0.518,exact
2022-23,Summer,Dwight McNeil,England,Left Winger,22,Burnley,England,Everton,Permanent,17.0,18.0,Dwight McNeil,36,2490,126,4.55,0.135,exact
2022-23,Summer,Neal Maupay,France,Centre-Forward,26,Brighton & Hove Albion,England,Everton,Permanent,11.8,18.0,Neal Maupay,27,1104,41,3.34,0.288,exact
2022-23,Summer,James Garner,England,Defensive Midfield,21,Manchester United,England,Everton,Permanent,10.4,7.0,James Garner,16,796,25,2.83,0.416,exact
2022-23,Summer,Idrissa Gueye,Senegal,Defensive Midfield,32,Paris Saint-Germain,France,Everton,Permanent,4.0,12.0,Idrissa Gueye,33,2577,66,2.31,0.061,exact
2022-23,Summer,João Palhinha,Portugal,Defensive Midfield,26,Sporting CP,Portugal,Fulham,Permanent,24.9,25.0,João Palhinha Gonçalves,35,3108,83,2.4,0.3,token_subset
2022-23,Summer,Issa Diop,France,Centre-Back,25,West Ham United,England,Fulham,Permanent,17.8,10.0,Issa Diop,25,2008,79,3.54,0.225,exact
2022-23,Summer,Andreas Pereira,Brazil,Attacking Midfield,26,Manchester United,England,Fulham,Permanent,9.5,7.5,Andreas Hoelgebaum Pereira,33,2696,123,4.11,0.077,token_subset
2022-23,Summer,Kevin Mbabu,Switzerland,Right-Back,27,VfL Wolfsburg,Germany,Fulham,Permanent,5.5,9.0,Kevin Mbabu,6,141,7,4.47,0.786,exact
2022-23,Summer,Carlos Vinícius,Brazil,Centre-Forward,27,SL Benfica,Portugal,Fulham,Permanent,5.0,8.0,Carlos Vinícius Alves Morais,28,1098,72,5.9,0.069,token_subset
2022-23,Summer,Bernd Leno,Germany,Goalkeeper,30,Arsenal,England,Fulham,Permanent,3.6,9.0,Bernd Leno,36,3240,142,3.94,0.025,exact
2022-23,Summer,Brenden Aaronson,United States,Attacking Midfield,21,Red Bull Salzburg,Austria,Leeds United,Permanent,32.84,25.0,Brenden Aaronson,36,2365,83,3.16,0.396,exact
2022-23,Summer,Luis Sinisterra,Colombia,Left Winger,23,Feyenoord Rotterdam,Netherlands,Leeds United,Permanent,25.0,25.0,Luis Sinisterra Lucumí,19,863,53,5.53,0.472,token_subset
2022-23,Summer,Tyler Adams,United States,Defensive Midfield,23,RB Leipzig,Germany,Leeds United,Permanent,17.0,17.0,Tyler Adams,24,2156,47,1.96,0.362,exact
2022-23,Summer,Rasmus Kristensen,Denmark,Right-Back,24,Red Bull Salzburg,Austria,Leeds United,Permanent,13.0,15.0,Rasmus Kristensen,26,1957,51,2.35,0.255,exact
2022-23,Summer,Marc Roca,Spain,Defensive Midfield,25,Bayern Munich,Germany,Leeds United,Permanent,12.0,7.0,Marc Roca Junqué,32,2316,67,2.6,0.179,token_subset
2022-23,Summer,Darko Gyabi,England,Central Midfield,18,Manchester City U21,England,Leeds United,Permanent,5.8,,Darko Gyabi,1,7,1,,5.8,exact
2022-23,Summer,Wilfried Gnonto,Italy,Right Winger,18,Zürich,Switzerland,Leeds United,Permanent,4.5,10.0,Wilfried Gnonto,24,1346,55,3.68,0.082,exact
2022-23,Summer,Wout Faes,Belgium,Centre-Back,24,Stade Reims,France,Leicester City,Permanent,17.0,10.0,Wout Faes,31,2786,78,2.52,0.218,exact
2022-23,Summer,Darwin Núñez,Uruguay,Centre-Forward,23,SL Benfica,Portugal,Liverpool,Permanent,85.0,55.0,Darwin Núñez Ribeiro,29,1684,100,5.34,0.85,token_subset
2022-23,Summer,Fábio Carvalho,Portugal,Attacking Midfield,19,Fulham,England,Liverpool,Permanent,9.4,12.0,Fábio Freitas Gouveia Carvalho,13,339,27,7.17,0.348,token_subset
2022-23,Summer,Erling Haaland,Norway,Centre-Forward,21,Borussia Dortmund,Germany,Manchester City,Permanent,60.0,150.0,Erling Haaland,35,2767,272,8.85,0.221,exact
2022-23,Summer,Kalvin Phillips,England,Defensive Midfield,26,Leeds United,England,Manchester City,Permanent,49.0,50.0,Kalvin Phillips,12,291,14,4.33,3.5,exact
2022-23,Summer,Manuel Akanji,Switzerland,Centre-Back,27,Borussia Dortmund,Germany,Manchester City,Permanent,20.0,30.0,Manuel Akanji,29,2284,82,3.23,0.244,exact
2022-23,Summer,Sergio Gómez,Spain,Left-Back,21,RSC Anderlecht,Belgium,Manchester City,Permanent,15.0,10.0,Sergio Gómez,12,340,21,5.56,0.714,exact
2022-23,Summer,Antony,Brazil,Right Winger,22,Ajax Amsterdam,Netherlands,Manchester United,Permanent,95.0,35.0,Antony Matheus dos Santos,25,1803,82,4.09,1.159,token_subset
2022-23,Summer,Casemiro,Brazil,Defensive Midfield,30,Real Madrid,Spain,Manchester United,Permanent,70.65,40.0,Carlos Henrique Casimiro,28,2122,87,3.69,0.812,manual_override
2022-23,Summer,Lisandro Martínez,Argentina,Centre-Back,24,Ajax Amsterdam,Netherlands,Manchester United,Permanent,57.37,32.0,Lisandro Martínez,27,2113,81,3.45,0.708,exact
2022-23,Summer,Tyrell Malacia,Netherlands,Left-Back,22,Feyenoord Rotterdam,Netherlands,Manchester United,Permanent,15.0,17.0,Tyrell Malacia,22,1391,62,4.01,0.242,exact
2022-23,Summer,Alexander Isak,Sweden,Centre-Forward,22,Real Sociedad,Spain,Newcastle United,Permanent,77.5,30.0,Alexander Isak,22,1520,100,5.92,0.775,exact
2022-23,Summer,Sven Botman,Netherlands,Centre-Back,22,LOSC Lille,France,Newcastle United,Permanent,37.0,30.0,Sven Botman,36,3127,129,3.71,0.287,exact
2022-23,Summer,Matt Targett,England,Left-Back,26,Aston Villa,England,Newcastle United,Permanent,17.5,17.0,Matt Targett,17,600,35,5.25,0.5,exact
2022-23,Summer,Nick Pope,England,Goalkeeper,30,Burnley,England,Newcastle United,Permanent,11.5,15.0,Nick Pope,37,3261,157,4.33,0.073,exact
2022-23,Summer,Morgan Gibbs-White,England,Attacking Midfield,22,Wolverhampton Wanderers,England,Nottingham Forest,Permanent,29.5,11.0,Morgan Gibbs-White,37,3151,145,4.14,0.203,exact
2022-23,Summer,Taiwo Awoniyi,Nigeria,Centre-Forward,24,1.FC Union Berlin,Germany,Nottingham Forest,Permanent,20.5,20.0,Taiwo Awoniyi,27,1395,100,6.45,0.205,exact
2022-23,Summer,Neco Williams,Wales,Left-Back,21,Liverpool,England,Nottingham Forest,Permanent,20.0,8.0,Neco Williams,31,1872,54,2.6,0.37,exact
2022-23,Summer,Emmanuel Dennis,Nigeria,Centre-Forward,24,Watford,England,Nottingham Forest,Permanent,14.8,14.0,Emmanuel Dennis,19,709,39,4.95,0.379,exact
2022-23,Summer,Moussa Niakhaté,Senegal,Centre-Back,26,1.FSV Mainz 05,Germany,Nottingham Forest,Permanent,13.8,18.0,Moussa Niakhaté,14,1163,25,1.93,0.552,exact
2022-23,Summer,Orel Mangala,Belgium,Defensive Midfield,24,VfB Stuttgart,Germany,Nottingham Forest,Permanent,13.0,15.0,Orel Mangala,27,1543,50,2.92,0.26,exact
2022-23,Summer,Giulian Biancone,France,Centre-Back,22,ESTAC Troyes,France,Nottingham Forest,Permanent,10.0,4.0,Giulian Biancone,2,15,2,,5.0,exact
2022-23,Summer,Lewis O'Brien,England,Central Midfield,23,Huddersfield Town,England,Nottingham Forest,Permanent,9.4,3.5,Lewis O'Brien,13,578,22,3.43,0.427,exact
2022-23,Summer,Omar Richards,England,Left-Back,24,Bayern Munich,Germany,Nottingham Forest,Permanent,8.5,7.0,Omar Richards,0,0,0,,,exact
2022-23,Summer,Remo Freuler,Switzerland,Central Midfield,30,Atalanta BC,Italy,Nottingham Forest,Permanent,8.3,20.0,Remo Freuler,28,2157,54,2.25,0.154,exact
2022-23,Summer,Ui-jo Hwang,"Korea, South",Centre-Forward,29,Girondins Bordeaux,France,Nottingham Forest,Permanent,4.0,7.0,,,,,,,unmatched
2022-23,Summer,Willy Boly,Cote d'Ivoire,Centre-Back,31,Wolverhampton Wanderers,England,Nottingham Forest,Permanent,2.6,6.0,Willy Boly,11,684,37,4.87,0.07,exact
2022-23,Summer,Harry Toffolo,England,Left-Back,26,Huddersfield Town,England,Nottingham Forest,Permanent,2.4,2.5,Harry Toffolo,19,933,30,2.89,0.08,exact
2022-23,Summer,Josh Bowler,England,Right Winger,23,Blackpool,England,Nottingham Forest,Permanent,2.3,2.0,,,,,,,unmatched
2022-23,Summer,Brandon Aguilera,Costa Rica,Central Midfield,19,LD Alajuelense,Costa Rica,Nottingham Forest,Permanent,0.95,0.12,,,,,,,unmatched
2022-23,Summer,Roméo Lavia,Belgium,Defensive Midfield,18,Manchester City U21,England,Southampton,Permanent,22.26,2.0,Roméo Lavia,29,2219,57,2.31,0.391,exact
2022-23,Summer,Gavin Bazunu,Ireland,Goalkeeper,20,Manchester City U21,England,Southampton,Permanent,14.0,5.0,Gavin Bazunu,32,2880,84,2.62,0.167,exact
2022-23,Summer,Armel Bella-Kotchap,Germany,Centre-Back,20,VfL Bochum,Germany,Southampton,Permanent,12.0,10.0,Armel Bella-Kotchap,24,1881,49,2.34,0.245,exact
2022-23,Summer,Sékou Mara,France,Centre-Forward,19,Girondins Bordeaux,France,Southampton,Permanent,11.5,3.0,Sékou Mara,22,538,32,5.35,0.359,exact
2022-23,Summer,Joe Aribo,Nigeria,Central Midfield,25,Rangers,Scotland,Southampton,Permanent,8.2,10.0,Joe Ayodele-Aribo,21,1219,46,3.4,0.178,token_subset
2022-23,Summer,Duje Caleta-Car,Croatia,Centre-Back,25,Olympique Marseille,France,Southampton,Permanent,8.0,16.0,Duje Caleta-Car,13,942,28,2.68,0.286,exact
2022-23,Summer,Samuel Edozie,England,Left Winger,19,Manchester City U21,England,Southampton,Permanent,8.0,0.8,Samuel Edozie,17,554,23,3.74,0.348,exact
2022-23,Summer,Juan Larios,Spain,Left-Back,18,Manchester City U21,England,Southampton,Permanent,7.0,,Juan Larios López,5,150,4,2.4,1.75,token_subset
2022-23,Summer,Richarlison,Brazil,Centre-Forward,25,Everton,England,Tottenham Hotspur,Permanent,58.0,48.0,Richarlison de Andrade,27,995,54,4.88,1.074,token_subset
2022-23,Summer,Cristian Romero,Argentina,Centre-Back,24,Atalanta BC,Italy,Tottenham Hotspur,Permanent,52.0,48.0,Cristian Romero,27,2363,66,2.51,0.788,exact
2022-23,Summer,Yves Bissouma,Mali,Defensive Midfield,25,Brighton & Hove Albion,England,Tottenham Hotspur,Permanent,29.2,35.0,Yves Bissouma,23,998,27,2.43,1.081,exact
2022-23,Summer,Destiny Udogie,Italy,Left-Back,19,Udinese Calcio,Italy,Tottenham Hotspur,Permanent,18.0,17.0,,,,,,,unmatched
2022-23,Summer,Djed Spence,England,Left-Back,21,Middlesbrough,England,Tottenham Hotspur,Permanent,14.7,8.0,Djed Spence,4,5,4,,3.675,exact
2022-23,Summer,Lucas Paquetá,Brazil,Attacking Midfield,25,Olympique Lyon,France,West Ham United,Permanent,42.95,35.0,Lucas Tolentino Coelho de Lima,28,2154,98,4.09,0.438,manual_override
2022-23,Summer,Gianluca Scamacca,Italy,Centre-Forward,23,US Sassuolo,Italy,West Ham United,Permanent,38.6,30.0,Gianluca Scamacca,16,921,41,4.01,0.941,exact
2022-23,Summer,Nayef Aguerd,Morocco,Centre-Back,26,Stade Rennais,France,West Ham United,Permanent,35.0,12.0,Nayef Aguerd,18,1594,58,3.27,0.603,exact
2022-23,Summer,Maxwel Cornet,Cote d'Ivoire,Left Winger,25,Burnley,England,West Ham United,Permanent,20.7,15.0,Maxwel Cornet,14,232,14,5.43,1.479,exact
2022-23,Summer,Emerson,Italy,Left-Back,28,Chelsea,England,West Ham United,Permanent,15.4,14.0,,,,,,,unmatched
2022-23,Summer,Thilo Kehrer,Germany,Centre-Back,25,Paris Saint-Germain,France,West Ham United,Permanent,12.0,22.0,Thilo Kehrer,27,2229,67,2.71,0.179,exact
2022-23,Summer,Flynn Downes,England,Defensive Midfield,23,Swansea City,England,West Ham United,Permanent,10.65,2.0,Flynn Downes,21,752,27,3.23,0.394,exact
2022-23,Summer,Alphonse Areola,France,Goalkeeper,29,Paris Saint-Germain,France,West Ham United,Permanent,9.3,8.0,Alphonse Areola,5,307,7,2.05,1.329,exact
2022-23,Summer,Matheus Nunes,Portugal,Right-Back,23,Sporting CP,Portugal,Wolverhampton Wanderers,Permanent,47.4,35.0,Matheus Luiz Nunes,34,2467,80,2.92,0.593,token_subset
2022-23,Summer,Gonçalo Guedes,Portugal,Left Winger,25,Valencia,Spain,Wolverhampton Wanderers,Permanent,32.6,40.0,Gonçalo Manuel Ganchinho Guedes,13,703,29,3.71,1.124,token_subset
2022-23,Summer,Nathan Collins,Ireland,Centre-Back,21,Burnley,England,Wolverhampton Wanderers,Permanent,24.3,10.0,Nathan Collins,26,1811,49,2.44,0.496,exact
2022-23,Summer,Sasa Kalajdzic,Austria,Centre-Forward,25,VfB Stuttgart,Germany,Wolverhampton Wanderers,Permanent,18.0,25.0,Sasa Kalajdzic,1,45,1,,18.0,exact
2022-23,Summer,Hee-chan Hwang,"Korea, South",Centre-Forward,26,RB Leipzig,Germany,Wolverhampton Wanderers,Permanent,16.7,16.0,Hwang Hee-chan,27,1117,60,4.83,0.278,token_subset
2023-24,Summer,Declan Rice,England,Central Midfield,24,West Ham United,England,Arsenal,Permanent,116.6,90.0,Declan Rice,38,3225,165,4.6,0.707,exact
2023-24,Summer,Kai Havertz,Germany,Centre-Forward,24,Chelsea,England,Arsenal,Permanent,75.0,55.0,Kai Havertz,37,2627,180,6.17,0.417,exact
2023-24,Summer,Jurriën Timber,Netherlands,Right-Back,22,Ajax Amsterdam,Netherlands,Arsenal,Permanent,40.0,42.0,Jurriën Timber,2,70,0,,,exact
2023-24,Summer,Moussa Diaby,France,Right Winger,24,Bayer 04 Leverkusen,Germany,Aston Villa,Permanent,55.0,50.0,Moussa Diaby,38,2168,142,5.89,0.387,exact
2023-24,Summer,Pau Torres,Spain,Centre-Back,26,Villarreal,Spain,Aston Villa,Permanent,33.0,45.0,Pau Torres,29,2462,85,3.11,0.388,exact
2023-24,Summer,Tyler Adams,United States,Defensive Midfield,24,Leeds United,England,Bournemouth,Permanent,26.9,18.0,Tyler Adams,3,118,5,3.81,5.38,exact
2023-24,Summer,Hamed Traoré,Cote d'Ivoire,Left Winger,23,US Sassuolo,Italy,Bournemouth,Permanent,25.62,22.0,Hamed Traorè,3,44,3,,8.54,exact
2023-24,Summer,Alex Scott,England,Central Midfield,19,Bristol City,England,Bournemouth,Permanent,23.0,20.0,Alex Scott,23,1003,41,3.68,0.561,exact
2023-24,Summer,Milos Kerkez,Hungary,Left-Back,19,AZ Alkmaar,Netherlands,Bournemouth,Permanent,20.47,15.0,Milos Kerkez,28,1966,59,2.7,0.347,exact
2023-24,Summer,Romain Faivre,France,Attacking Midfield,24,Olympique Lyon,France,Bournemouth,Permanent,15.0,10.0,Romain Faivre,5,37,4,,3.75,exact
2023-24,Summer,Justin Kluivert,Netherlands,Attacking Midfield,24,AS Roma,Italy,Bournemouth,Permanent,10.8,14.0,Justin Kluivert,32,1910,100,4.71,0.108,exact
2023-24,Summer,Max Aarons,England,Right-Back,23,Norwich City,England,Bournemouth,Permanent,8.1,16.0,Max Aarons,20,1233,28,2.04,0.289,exact
2023-24,Summer,Nathan Collins,Ireland,Centre-Back,22,Wolverhampton Wanderers,England,Brentford,Permanent,26.85,22.0,Nathan Collins,32,2649,84,2.85,0.32,exact
2023-24,Summer,Kevin Schade,Germany,Left Winger,21,SC Freiburg,Germany,Brentford,Permanent,25.0,25.0,Kevin Schade,11,327,33,9.08,0.758,exact
2023-24,Summer,Mark Flekken,Netherlands,Goalkeeper,30,SC Freiburg,Germany,Brentford,Permanent,13.0,10.0,Mark Flekken,37,3285,119,3.26,0.109,exact
2023-24,Summer,João Pedro,Brazil,Centre-Forward,21,Watford,England,Brighton & Hove Albion,Permanent,34.2,32.0,João Pedro Junqueira de Jesus,31,2037,104,4.59,0.329,token_subset
2023-24,Summer,Carlos Baleba,Cameroon,Defensive Midfield,19,LOSC Lille,France,Brighton & Hove Albion,Permanent,27.0,5.0,Carlos Baleba,27,1314,34,2.33,0.794,exact
2023-24,Summer,Bart Verbruggen,Netherlands,Goalkeeper,20,RSC Anderlecht,Belgium,Brighton & Hove Albion,Permanent,20.0,10.0,Bart Verbruggen,21,1890,68,3.24,0.294,exact
2023-24,Summer,Igor Julio,Brazil,Centre-Back,25,ACF Fiorentina,Italy,Brighton & Hove Albion,Permanent,16.5,10.0,Igor Julio dos Santos de Paulo,24,1631,37,2.04,0.446,token_subset
2023-24,Summer,Zeki Amdouni,Switzerland,Centre-Forward,22,Basel 1893,Switzerland,Burnley,Permanent,18.6,10.0,Zeki Amdouni,34,1953,85,3.92,0.219,exact
2023-24,Summer,James Trafford,England,Goalkeeper,20,Manchester City,England,Burnley,Permanent,17.3,15.0,James Trafford,28,2520,70,2.5,0.247,exact
2023-24,Summer,Aaron Ramsey,England,Attacking Midfield,20,Aston Villa U21,England,Burnley,Permanent,16.45,5.0,Aaron Ramsey,14,522,18,3.1,0.914,exact
2023-24,Summer,Jordan Beyer,Germany,Centre-Back,23,Borussia Mönchengladbach,Germany,Burnley,Permanent,15.0,16.0,Jordan Beyer,15,1234,30,2.19,0.5,exact
2023-24,Summer,Sander Berge,Norway,Defensive Midfield,25,Sheffield United,England,Burnley,Permanent,13.9,20.0,Sander Berge,37,3002,74,2.22,0.188,exact
2023-24,Summer,Wilson Odobert,France,Left Winger,18,ESTAC Troyes,France,Burnley,Permanent,12.0,6.0,Wilson Odobert,29,2095,82,3.52,0.146,exact
2023-24,Summer,Dara O'Shea,Ireland,Centre-Back,24,West Bromwich Albion,England,Burnley,Permanent,7.8,5.0,Dara O'Shea,33,2892,69,2.15,0.113,exact
2023-24,Summer,Michael Obafemi,Ireland,Centre-Forward,22,Swansea City,England,Burnley,Permanent,4.0,5.0,Michael Obafemi,2,19,2,,2.0,exact
2023-24,Summer,Hannes Delcroix,Haiti,Centre-Back,24,RSC Anderlecht,Belgium,Burnley,Permanent,3.0,2.0,Hannes Delcroix,12,584,7,1.08,0.429,exact
2023-24,Summer,Luca Koleosho,Italy,Right Winger,18,RCD Espanyol B,Spain,Burnley,Permanent,3.0,1.0,Luca Koleosho,15,972,40,3.7,0.075,exact
2023-24,Summer,Moisés Caicedo,Ecuador,Defensive Midfield,21,Brighton & Hove Albion,England,Chelsea,Permanent,116.0,75.0,Moisés Caicedo Corozo,35,2865,84,2.64,1.381,token_subset
2023-24,Summer,Roméo Lavia,Belgium,Defensive Midfield,19,Southampton,England,Chelsea,Permanent,62.1,32.0,Roméo Lavia,1,32,1,,62.1,exact
2023-24,Summer,Christopher Nkunku,France,Centre-Forward,25,RB Leipzig,Germany,Chelsea,Permanent,60.0,80.0,Christopher Nkunku,11,437,29,5.97,2.069,exact
2023-24,Summer,Cole Palmer,England,Attacking Midfield,21,Manchester City,England,Chelsea,Permanent,47.0,18.0,Cole Palmer,34,2617,244,8.39,0.193,exact
2023-24,Summer,Axel Disasi,France,Centre-Back,25,AS Monaco,France,Chelsea,Permanent,45.0,30.0,Axel Disasi,31,2579,71,2.48,0.634,exact
2023-24,Summer,Nicolas Jackson,Senegal,Centre-Forward,22,Villarreal,Spain,Chelsea,Permanent,37.0,30.0,Nicolas Jackson,35,2801,142,4.56,0.261,exact
2023-24,Summer,Lesley Ugochukwu,France,Defensive Midfield,19,Stade Rennais,France,Chelsea,Permanent,27.0,9.0,Lesley Ugochukwu,12,296,13,3.95,2.077,exact
2023-24,Summer,Robert Sánchez,Spain,Goalkeeper,25,Brighton & Hove Albion,England,Chelsea,Permanent,23.0,22.0,Robert Sánchez,16,1433,59,3.71,0.39,exact
2023-24,Summer,Djordje Petrovic,Serbia,Goalkeeper,23,New England Revolution,United States,Chelsea,Permanent,16.0,6.0,Đorđe Petrović,23,1986,71,3.22,0.225,surname_verified
2023-24,Summer,Deivid Washington,Brazil,Centre-Forward,18,Santos,Brazil,Chelsea,Permanent,16.0,4.0,Deivid Washington de Souza Eugênio,2,11,2,,8.0,token_subset
2023-24,Summer,Ângelo,Brazil,Right Winger,18,Santos,Brazil,Chelsea,Permanent,15.0,13.0,,,,,,,unmatched
2023-24,Summer,Matheus França,Brazil,Attacking Midfield,19,CR Flamengo,Brazil,Crystal Palace,Permanent,20.0,9.0,Matheus França de Oliveira,10,224,16,6.43,1.25,token_subset
2023-24,Summer,Dean Henderson,England,Goalkeeper,26,Manchester United,England,Crystal Palace,Permanent,17.5,18.0,Dean Henderson,18,1620,48,2.67,0.365,exact
2023-24,Summer,Rob Holding,England,Centre-Back,27,Arsenal,England,Crystal Palace,Permanent,1.2,8.0,Rob Holding,0,0,0,,,exact
2023-24,Summer,Beto,Guinea-Bissau,Centre-Forward,25,Udinese Calcio,Italy,Everton,Permanent,25.0,25.0,,,,,,,unmatched
2023-24,Summer,Youssef Chermiti,Portugal,Centre-Forward,19,Sporting CP,Portugal,Everton,Permanent,12.5,3.0,Youssef Ramalho Chermiti,18,196,16,7.35,0.781,token_subset
2023-24,Summer,Alex Iwobi,Nigeria,Left Winger,27,Everton,England,Fulham,Permanent,25.7,28.0,Alex Iwobi,32,2331,102,3.94,0.252,exact
2023-24,Summer,Calvin Bassey,Nigeria,Centre-Back,23,Ajax Amsterdam,Netherlands,Fulham,Permanent,22.5,15.0,Calvin Bassey,29,2299,66,2.58,0.341,exact
2023-24,Summer,Timothy Castagne,Belgium,Right-Back,27,Leicester City,England,Fulham,Permanent,13.0,25.0,Timothy Castagne,34,2630,105,3.59,0.124,exact
2023-24,Summer,Raúl Jiménez,Mexico,Centre-Forward,32,Wolverhampton Wanderers,England,Fulham,Permanent,6.4,6.0,Raúl Jiménez,24,1390,72,4.66,0.089,exact
2023-24,Summer,Steven Benda,Germany,Goalkeeper,24,Swansea City,England,Fulham,Permanent,0.87,0.4,Steven Benda,0,0,0,,,exact
2023-24,Summer,Dominik Szoboszlai,Hungary,Attacking Midfield,22,RB Leipzig,Germany,Liverpool,Permanent,70.0,50.0,Dominik Szoboszlai,33,2102,99,4.24,0.707,exact
2023-24,Summer,Alexis Mac Allister,Argentina,Central Midfield,24,Brighton & Hove Albion,England,Liverpool,Permanent,42.0,65.0,Alexis Mac Allister,33,2600,109,3.77,0.385,exact
2023-24,Summer,Ryan Gravenberch,Netherlands,Defensive Midfield,21,Bayern Munich,Germany,Liverpool,Permanent,40.0,30.0,Ryan Gravenberch,26,1110,45,3.65,0.889,exact
2023-24,Summer,Wataru Endo,Japan,Defensive Midfield,30,VfB Stuttgart,Germany,Liverpool,Permanent,20.0,6.5,Wataru Endo,29,1714,47,2.47,0.426,exact
2023-24,Summer,Ryan Giles,England,Left-Back,23,Wolverhampton Wanderers,England,Luton Town,Permanent,5.85,9.0,Ryan Giles,11,498,11,1.99,0.532,exact
2023-24,Summer,Tahith Chong,Curacao,Attacking Midfield,23,Birmingham City,England,Luton Town,Permanent,4.7,3.2,Tahith Chong,33,1972,78,3.56,0.06,exact
2023-24,Summer,Mads Andersen,Denmark,Centre-Back,25,Barnsley,England,Luton Town,Permanent,3.5,2.0,Mads Juel Andersen,8,397,15,3.4,0.233,token_subset
2023-24,Summer,Jacob Brown,Scotland,Centre-Forward,25,Stoke City,England,Luton Town,Permanent,2.9,6.0,Jacob Brown,19,1013,39,3.46,0.074,exact
2023-24,Summer,Thomas Kaminski,Belgium,Goalkeeper,30,Blackburn Rovers,England,Luton Town,Permanent,2.9,2.2,Thomas Kaminski,38,3405,86,2.27,0.034,exact
2023-24,Summer,Marvelous Nakamba,Zimbabwe,Defensive Midfield,29,Aston Villa,England,Luton Town,Permanent,2.9,4.0,Marvelous Nakamba,13,1131,21,1.67,0.138,exact
2023-24,Summer,Josko Gvardiol,Croatia,Centre-Back,21,RB Leipzig,Germany,Manchester City,Permanent,90.0,75.0,Joško Gvardiol,28,2327,123,4.76,0.732,exact
2023-24,Summer,Matheus Nunes,Portugal,Right-Back,25,Wolverhampton Wanderers,England,Manchester City,Permanent,62.0,45.0,Matheus Luiz Nunes,19,831,32,3.47,1.938,token_subset
2023-24,Summer,Jérémy Doku,Belgium,Left Winger,21,Stade Rennais,France,Manchester City,Permanent,60.0,28.0,Jérémy Doku,29,1585,98,5.56,0.612,exact
2023-24,Summer,Mateo Kovacic,Croatia,Central Midfield,29,Chelsea,England,Manchester City,Permanent,29.1,38.0,Mateo Kovačić,30,1539,59,3.45,0.493,exact
2023-24,Summer,Rasmus Højlund,Denmark,Centre-Forward,20,Atalanta BC,Italy,Manchester United,Permanent,77.8,45.0,Rasmus Højlund,30,2156,112,4.68,0.695,exact
2023-24,Summer,Mason Mount,England,Attacking Midfield,24,Chelsea,England,Manchester United,Permanent,67.7,60.0,Mason Mount,14,509,23,4.07,2.943,exact
2023-24,Summer,André Onana,Cameroon,Goalkeeper,27,Inter Milan,Italy,Manchester United,Permanent,50.2,35.0,André Onana,38,3420,133,3.5,0.377,exact
2023-24,Summer,Altay Bayındır,Türkiye,Goalkeeper,25,Fenerbahce,Türkiye,Manchester United,Permanent,5.0,11.0,Altay Bayindir,0,0,0,,,exact
2023-24,Summer,Sandro Tonali,Italy,Defensive Midfield,23,AC Milan,Italy,Newcastle United,Permanent,58.9,50.0,Sandro Tonali,8,437,16,3.3,3.681,exact
2023-24,Summer,Harvey Barnes,England,Left Winger,25,Leicester City,England,Newcastle United,Permanent,44.0,35.0,Harvey Barnes,21,788,64,7.31,0.688,exact
2023-24,Summer,Tino Livramento,England,Right-Back,20,Southampton,England,Newcastle United,Permanent,37.2,25.0,Tino Livramento,26,1302,45,3.11,0.827,exact
2023-24,Summer,Yankuba Minteh,The Gambia,Right Winger,18,Odense Boldklub,Denmark,Newcastle United,Permanent,8.0,2.0,,,,,,,unmatched
2023-24,Summer,Ibrahim Sangaré,Cote d'Ivoire,Defensive Midfield,25,PSV Eindhoven,Netherlands,Nottingham Forest,Permanent,35.0,35.0,Ibrahim Sangaré,17,1031,25,2.18,1.4,exact
2023-24,Summer,Anthony Elanga,Sweden,Right Winger,21,Manchester United,England,Nottingham Forest,Permanent,22.93,18.0,Anthony Elanga,36,2424,119,4.42,0.193,exact
2023-24,Summer,Chris Wood,New Zealand,Centre-Forward,31,Newcastle United,England,Nottingham Forest,Permanent,17.0,8.0,Chris Wood,31,1801,131,6.55,0.13,exact
2023-24,Summer,Andrew Omobamidele,Ireland,Centre-Back,21,Norwich City,England,Nottingham Forest,Permanent,12.85,6.0,Andrew Omobamidele,11,782,11,1.27,1.168,exact
2023-24,Summer,Murillo,Brazil,Centre-Back,21,Sport Club Corinthians Paulista,Brazil,Nottingham Forest,Permanent,12.0,3.5,Murillo Santiago Costa dos Santos,32,2790,58,1.87,0.207,token_subset
2023-24,Summer,Matt Turner,United States,Goalkeeper,29,Arsenal,England,Nottingham Forest,Permanent,8.15,8.0,Matt Turner,17,1530,41,2.41,0.199,exact
2023-24,Summer,Nicolás Domínguez,Argentina,Central Midfield,25,Bologna FC 1909,Italy,Nottingham Forest,Permanent,6.65,17.0,Nicolás Domínguez,26,1489,67,4.05,0.099,exact
2023-24,Summer,Odysseas Vlachodimos,Greece,Goalkeeper,29,SL Benfica,Portugal,Nottingham Forest,Permanent,4.9,16.0,Odysseas Vlachodimos,5,450,12,2.4,0.408,exact
2023-24,Summer,Callum Hudson-Odoi,England,Left Winger,22,Chelsea,England,Nottingham Forest,Permanent,3.5,15.0,Callum Hudson-Odoi,29,1846,109,5.31,0.032,exact
2023-24,Summer,Cameron Archer,England,Centre-Forward,21,Aston Villa,England,Sheffield United,Permanent,21.55,12.0,Cameron Archer,30,1829,82,4.03,0.263,exact
2023-24,Summer,Gustavo Hamer,Netherlands,Central Midfield,26,Coventry City,England,Sheffield United,Permanent,17.3,8.0,Gustavo Hamer,36,2908,108,3.34,0.16,exact
2023-24,Summer,Vini Souza,Brazil,Defensive Midfield,24,Lommel SK,Belgium,Sheffield United,Permanent,12.5,6.0,Vini de Souza Costa,36,2664,73,2.47,0.171,token_subset
2023-24,Summer,Auston Trusty,United States,Centre-Back,24,Arsenal,England,Sheffield United,Permanent,5.8,10.0,Auston Trusty,32,2568,28,0.98,0.207,exact
2023-24,Summer,Bénie Traoré,Cote d'Ivoire,Left Winger,20,BK Häcken,Sweden,Sheffield United,Permanent,4.6,3.5,Bénie Traoré,8,383,11,2.58,0.418,exact
2023-24,Summer,Anis Slimane,Tunisia,Central Midfield,22,Bröndby IF,Denmark,Sheffield United,Permanent,2.7,2.5,Anis Slimane,15,409,14,3.08,0.193,exact
2023-24,Summer,Brennan Johnson,Wales,Right Winger,22,Nottingham Forest,England,Tottenham Hotspur,Permanent,55.0,38.0,Brennan Johnson,35,2317,131,5.09,0.42,exact
2023-24,Summer,James Maddison,England,Attacking Midfield,26,Leicester City,England,Tottenham Hotspur,Permanent,46.3,60.0,James Maddison,28,2137,117,4.93,0.396,exact
2023-24,Summer,Pedro Porro,Spain,Right-Back,23,Sporting CP,Portugal,Tottenham Hotspur,Permanent,40.0,40.0,Pedro Porro,35,3090,136,3.96,0.294,exact
2023-24,Summer,Micky van de Ven,Netherlands,Centre-Back,22,VfL Wolfsburg,Germany,Tottenham Hotspur,Permanent,40.0,30.0,Micky van de Ven,27,2341,81,3.11,0.494,exact
2023-24,Summer,Dejan Kulusevski,Sweden,Attacking Midfield,23,Juventus,Italy,Tottenham Hotspur,Permanent,30.0,50.0,Dejan Kulusevski,36,2759,130,4.24,0.231,exact
2023-24,Summer,Guglielmo Vicario,Italy,Goalkeeper,26,Empoli,Italy,Tottenham Hotspur,Permanent,18.5,16.0,Guglielmo Vicario,38,3420,112,2.95,0.165,exact
2023-24,Summer,Alejo Veliz,Argentina,Centre-Forward,19,CA Rosario Central,Argentina,Tottenham Hotspur,Permanent,15.0,7.0,Alejo Véliz,8,45,11,,1.364,exact
2023-24,Summer,Ashley Phillips,England,Centre-Back,18,Blackburn Rovers,England,Tottenham Hotspur,Permanent,2.3,2.0,Ashley Phillips,0,0,0,,,exact
2023-24,Summer,Mohammed Kudus,Ghana,Right Winger,23,Ajax Amsterdam,Netherlands,West Ham United,Permanent,43.0,40.0,Mohammed Kudus,33,2485,137,4.96,0.314,exact
2023-24,Summer,Edson Álvarez,Mexico,Defensive Midfield,25,Ajax Amsterdam,Netherlands,West Ham United,Permanent,38.0,35.0,Edson Álvarez Velázquez,31,2375,62,2.35,0.613,token_subset
2023-24,Summer,James Ward-Prowse,England,Central Midfield,28,Southampton,England,West Ham United,Permanent,34.8,38.0,James Ward-Prowse,37,3000,146,4.38,0.238,exact
2023-24,Summer,Konstantinos Mavropanos,Greece,Centre-Back,25,VfB Stuttgart,Germany,West Ham United,Permanent,20.0,15.0,Konstantinos Mavropanos,19,1500,40,2.4,0.5,exact
2023-24,Summer,Andrew Irving,Scotland,Central Midfield,23,SK Austria Klagenfurt,Austria,West Ham United,Permanent,1.76,0.8,,,,,,,unmatched
2023-24,Summer,Matheus Cunha,Brazil,Second Striker,24,Atlético de Madrid,Spain,Wolverhampton Wanderers,Permanent,50.0,25.0,Matheus Santos Carneiro Da Cunha,32,2438,135,4.98,0.37,token_subset
2023-24,Summer,Jean-Ricner Bellegarde,Haiti,Central Midfield,25,RC Strasbourg Alsace,France,Wolverhampton Wanderers,Permanent,15.0,10.0,Jean-Ricner Bellegarde,22,948,45,4.27,0.333,exact
2023-24,Summer,Santiago Bueno,Uruguay,Centre-Back,24,Girona,Spain,Wolverhampton Wanderers,Permanent,12.0,8.0,Santiago Bueno,12,819,13,1.43,0.923,exact
2023-24,Summer,Boubacar Traoré,Mali,Defensive Midfield,21,Metz,France,Wolverhampton Wanderers,Permanent,11.0,5.0,Boubacar Traoré,24,802,25,2.81,0.44,exact
2023-24,Summer,Enso González,Paraguay,Left Winger,18,Club Libertad Asunción,Paraguay,Wolverhampton Wanderers,Permanent,6.0,1.9,Enso González,1,1,1,,6.0,exact
2024-25,Summer,Riccardo Calafiori,Italy,Left-Back,22,Bologna FC 1909,Italy,Arsenal,Permanent,45.0,45.0,Riccardo Calafiori,19,978,39,3.59,1.154,exact
2024-25,Summer,Mikel Merino,Spain,Central Midfield,28,Real Sociedad,Spain,Arsenal,Permanent,32.0,50.0,Mikel Merino,28,1575,92,5.26,0.348,exact
2024-25,Summer,David Raya,Spain,Goalkeeper,28,Brentford,England,Arsenal,Permanent,31.9,35.0,David Raya Martin,38,3420,142,3.74,0.225,token_subset
2024-25,Summer,Amadou Onana,Belgium,Defensive Midfield,22,Everton,England,Aston Villa,Permanent,59.35,50.0,Amadou Onana,26,1613,65,3.63,0.913,exact
2024-25,Summer,Ian Maatsen,Netherlands,Left-Back,22,Chelsea,England,Aston Villa,Permanent,44.5,40.0,Ian Maatsen,29,1125,57,4.56,0.781,exact
2024-25,Summer,Cameron Archer,England,Centre-Forward,22,Sheffield United,England,Aston Villa,Permanent,16.65,13.0,Cameron Archer,35,1421,57,3.61,0.292,exact
2024-25,Summer,Jaden Philogene,England,Left Winger,22,Hull City,England,Aston Villa,Permanent,16.0,15.0,Jaden Philogene,21,796,37,4.18,0.432,exact
2024-25,Summer,Samuel Iling-Junior,England,Left-Back,20,Juventus,Italy,Aston Villa,Permanent,14.0,13.0,Samuel Iling-Junior,0,0,0,,,exact
2024-25,Summer,Lewis Dobbin,England,Left Winger,21,Everton,England,Aston Villa,Permanent,11.8,2.5,Lewis Dobbin,0,0,0,,,exact
2024-25,Summer,Enzo Barrenechea,Argentina,Defensive Midfield,23,Juventus,Italy,Aston Villa,Permanent,8.0,7.5,Enzo Barrenechea,0,0,0,,,exact
2024-25,Summer,Ross Barkley,England,Central Midfield,30,Luton Town,England,Aston Villa,Permanent,5.9,8.0,Ross Barkley,20,567,44,6.98,0.134,exact
2024-25,Summer,Evanilson,Brazil,Centre-Forward,24,Porto,Portugal,Bournemouth,Permanent,37.0,35.0,Francisco Evanilson de Lima Barbosa,31,2317,128,4.97,0.289,token_subset
2024-25,Summer,Luis Sinisterra,Colombia,Left Winger,25,Leeds United,England,Bournemouth,Permanent,23.4,17.0,Luis Sinisterra,12,229,23,9.04,1.017,exact
2024-25,Summer,Dean Huijsen,Spain,Centre-Back,19,Juventus,Italy,Bournemouth,Permanent,19.63,10.0,Dean Huijsen,32,2422,104,3.86,0.189,exact
2024-25,Summer,Enes Ünal,Türkiye,Centre-Forward,27,Getafe,Spain,Bournemouth,Permanent,16.5,18.0,Enes Ünal,17,330,32,8.73,0.516,exact
2024-25,Summer,Julián Araujo,Mexico,Right-Back,23,Barcelona,Spain,Bournemouth,Permanent,10.0,8.0,Julián Araujo Zúñiga,12,492,12,2.2,0.833,token_subset
2024-25,Summer,Alex Paulsen,New Zealand,Goalkeeper,21,Wellington Phoenix,Australia,Bournemouth,Permanent,2.27,0.45,Alex Paulsen,0,0,0,,,exact
2024-25,Summer,Igor Thiago,Brazil,Centre-Forward,23,Club Brugge KV,Belgium,Brentford,Permanent,33.0,25.0,Igor Thiago Nascimento Rodrigues,8,167,9,4.85,3.667,token_subset
2024-25,Summer,Sepp van den Berg,Netherlands,Centre-Back,22,Liverpool,England,Brentford,Permanent,23.6,12.0,Sepp van den Berg,31,2584,62,2.16,0.381,exact
2024-25,Summer,Fábio Carvalho,Portugal,Attacking Midfield,21,Liverpool,England,Brentford,Permanent,23.4,14.0,Fábio Freitas Gouveia Carvalho,19,443,35,7.11,0.669,token_subset
2024-25,Summer,Gustavo Nunes,Brazil,Left Winger,18,Grêmio Foot-Ball Porto Alegrense,Brazil,Brentford,Permanent,12.0,10.0,Gustavo Nunes Fernandes Gomes,3,11,3,,4.0,token_subset
2024-25,Summer,Jayden Meghoma,England,Left-Back,18,Southampton FC U21,England,Brentford,Permanent,5.9,,Jayden Meghoma,1,4,1,,5.9,exact
2024-25,Summer,Georginio Rutter,France,Centre-Forward,22,Leeds United,England,Brighton & Hove Albion,Permanent,46.7,18.0,Georginio Rutter,28,1651,95,5.18,0.492,exact
2024-25,Summer,Yankuba Minteh,The Gambia,Right Winger,19,Newcastle United,England,Brighton & Hove Albion,Permanent,35.0,16.0,Yankuba Minteh,32,1831,102,5.01,0.343,exact
2024-25,Summer,Mats Wieffer,Netherlands,Defensive Midfield,24,Feyenoord Rotterdam,Netherlands,Brighton & Hove Albion,Permanent,32.0,30.0,Mats Wieffer,25,1003,52,4.67,0.615,exact
2024-25,Summer,Brajan Gruda,Germany,Right Winger,20,1.FSV Mainz 05,Germany,Brighton & Hove Albion,Permanent,31.5,20.0,Brajan Gruda,21,676,45,5.99,0.7,exact
2024-25,Summer,Ferdi Kadıoğlu,Türkiye,Left-Back,24,Fenerbahce,Türkiye,Brighton & Hove Albion,Permanent,30.0,30.0,Ferdi Kadioglu,6,385,19,4.44,1.579,exact
2024-25,Summer,Matt O'Riley,Denmark,Central Midfield,23,Celtic,Scotland,Brighton & Hove Albion,Permanent,29.5,20.0,Matt O'Riley,21,929,50,4.84,0.59,exact
2024-25,Summer,Ibrahim Osman,Ghana,Left Winger,19,Nordsjaelland,Denmark,Brighton & Hove Albion,Permanent,19.5,12.0,Ibrahim Osman,0,0,0,,,exact
2024-25,Summer,Malick Yalcouyé,Cote d'Ivoire,Central Midfield,18,IFK Göteborg,Sweden,Brighton & Hove Albion,Permanent,7.0,5.0,,,,,,,unmatched
2024-25,Summer,Pedro Neto,Portugal,Right Winger,24,Wolverhampton Wanderers,England,Chelsea,Permanent,60.0,55.0,Pedro Lomba Neto,35,2262,104,4.14,0.577,token_subset
2024-25,Summer,João Félix,Portugal,Second Striker,24,Atlético de Madrid,Spain,Chelsea,Permanent,52.0,30.0,João Félix Sequeira,12,362,24,5.97,2.167,token_subset
2024-25,Summer,Kiernan Dewsbury-Hall,England,Central Midfield,25,Leicester City,England,Chelsea,Permanent,35.4,30.0,Kiernan Dewsbury-Hall,13,257,18,6.3,1.967,exact
2024-25,Summer,Filip Jørgensen,Denmark,Goalkeeper,22,Villarreal,Spain,Chelsea,Permanent,24.5,20.0,Filip Jørgensen,6,540,18,3.0,1.361,exact
2024-25,Summer,Omari Kellyman,England,Attacking Midfield,18,Aston Villa U21,England,Chelsea,Permanent,22.5,1.0,Omari Kellyman,0,0,0,,,exact
2024-25,Summer,Mike Penders,Belgium,Goalkeeper,19,KRC Genk,Belgium,Chelsea,Permanent,20.0,1.0,,,,,,,unmatched
2024-25,Summer,Aarón Anselmino,Argentina,Centre-Back,19,CA Boca Juniors,Argentina,Chelsea,Permanent,16.5,3.0,Aaron Anselmino,0,0,0,,,exact
2024-25,Summer,Renato Veiga,Portugal,Centre-Back,20,Basel 1893,Switzerland,Chelsea,Permanent,14.0,3.0,Renato Palma Veiga,7,176,7,3.58,2.0,token_subset
2024-25,Summer,Caleb Wiley,United States,Left-Back,19,Atlanta United,United States,Chelsea,Permanent,10.1,5.0,Caleb Wiley,0,0,0,,,exact
2024-25,Summer,Marc Guiu,Spain,Centre-Forward,18,Barcelona,Spain,Chelsea,Permanent,6.0,7.5,Marc Guiu Paz,3,71,3,,2.0,token_subset
2024-25,Summer,Eddie Nketiah,England,Centre-Forward,25,Arsenal,England,Crystal Palace,Permanent,29.7,30.0,Eddie Nketiah,29,1018,53,4.69,0.56,exact
2024-25,Summer,Maxence Lacroix,France,Centre-Back,24,VfL Wolfsburg,Germany,Crystal Palace,Permanent,18.0,20.0,Maxence Lacroix,35,3116,114,3.29,0.158,exact
2024-25,Summer,Chadi Riad,Morocco,Centre-Back,21,Real Betis Balompié,Spain,Crystal Palace,Permanent,15.0,15.0,Chadi Riad Dnanou,1,90,1,1.0,15.0,token_subset
2024-25,Summer,Ismaïla Sarr,Senegal,Right Winger,26,Olympique Marseille,France,Crystal Palace,Permanent,15.0,18.0,Ismaïla Sarr,38,2708,149,4.95,0.101,exact
2024-25,Summer,Jake O'Brien,Ireland,Right-Back,23,Olympique Lyon,France,Everton,Permanent,19.5,12.0,Jake O'Brien,20,1568,65,3.73,0.3,exact
2024-25,Summer,Iliman Ndiaye,Senegal,Right Winger,24,Olympique Marseille,France,Everton,Permanent,18.0,15.0,Iliman Ndiaye,33,2426,114,4.23,0.158,exact
2024-25,Summer,Tim Iroegbunam,England,Central Midfield,21,Aston Villa,England,Everton,Permanent,10.7,4.0,Tim Iroegbunam,18,562,22,3.52,0.486,exact
2024-25,Summer,Emile Smith Rowe,England,Attacking Midfield,24,Arsenal,England,Fulham,Permanent,31.8,22.0,Emile Smith Rowe,34,2036,114,5.04,0.279,exact
2024-25,Summer,Joachim Andersen,Denmark,Centre-Back,28,Crystal Palace,England,Fulham,Permanent,29.5,35.0,Joachim Andersen,30,2673,51,1.72,0.578,exact
2024-25,Summer,Sander Berge,Norway,Defensive Midfield,26,Burnley,England,Fulham,Permanent,23.55,20.0,Sander Berge,31,2221,53,2.15,0.444,exact
2024-25,Summer,Jorge Cuenca,Spain,Centre-Back,24,Villarreal,Spain,Fulham,Permanent,6.7,6.0,Jorge Cuenca Barreno,8,349,9,2.32,0.744,token_subset
2024-25,Summer,Omari Hutchinson,England,Attacking Midfield,20,Chelsea,England,Ipswich Town,Permanent,23.5,7.0,Omari Giraud-Hutchinson,31,2585,88,3.06,0.267,token_subset
2024-25,Summer,Jacob Greaves,England,Centre-Back,23,Hull City,England,Ipswich Town,Permanent,21.5,15.0,Jacob Greaves,25,2205,37,1.51,0.581,exact
2024-25,Summer,Liam Delap,England,Centre-Forward,21,Manchester City U21,England,Ipswich Town,Permanent,17.85,8.0,Liam Delap,37,2587,132,4.59,0.135,exact
2024-25,Summer,Jack Clarke,England,Left Winger,23,Sunderland,England,Ipswich Town,Permanent,17.7,15.0,Jack Clarke,32,1161,53,4.11,0.334,exact
2024-25,Summer,Dara O'Shea,Ireland,Centre-Back,25,Burnley,England,Ipswich Town,Permanent,14.2,7.0,Dara O'Shea,35,3122,49,1.41,0.29,exact
2024-25,Summer,Sammie Szmodics,Ireland,Attacking Midfield,28,Blackburn Rovers,England,Ipswich Town,Permanent,10.6,7.0,Sam Szmodics,20,988,54,4.92,0.196,surname_verified
2024-25,Summer,Arijanet Murić,Kosovo,Goalkeeper,25,Burnley,England,Ipswich Town,Permanent,9.55,7.0,Arijanet Muric,18,1620,49,2.72,0.195,exact
2024-25,Summer,Chiedozie Ogbene,Ireland,Right Winger,27,Luton Town,England,Ipswich Town,Permanent,9.5,8.0,Chiedozie Ogbene,5,237,7,2.66,1.357,exact
2024-25,Summer,Conor Townsend,England,Left-Back,31,West Bromwich Albion,England,Ipswich Town,Permanent,0.59,1.5,Conor Townsend,6,334,11,2.96,0.054,exact
2024-25,Summer,Oliver Skipp,England,Defensive Midfield,23,Tottenham Hotspur,England,Leicester City,Permanent,23.5,15.0,Oliver Skipp,24,1118,27,2.17,0.87,exact
2024-25,Summer,Bilal El Khannouss,Morocco,Attacking Midfield,20,KRC Genk,Belgium,Leicester City,Permanent,22.5,30.0,Bilal El Khannouss,32,2179,83,3.43,0.271,exact
2024-25,Summer,Issahaku Fatawu,Ghana,Right Winger,20,Sporting CP,Portugal,Leicester City,Permanent,16.25,10.0,,,,,,,unmatched
2024-25,Summer,Caleb Okoli,Italy,Centre-Back,22,Atalanta BC,Italy,Leicester City,Permanent,14.0,8.0,Caleb Okoli,19,1122,27,2.17,0.519,exact
2024-25,Summer,Michael Golding,England,Central Midfield,18,Chelsea FC U21,England,Leicester City,Permanent,5.9,0.3,Michael Golding,1,1,1,,5.9,exact
2024-25,Summer,Jordan Ayew,Ghana,Centre-Forward,32,Crystal Palace,England,Leicester City,Permanent,5.9,4.0,Jordan Ayew,31,1649,75,4.09,0.079,exact
2024-25,Summer,Giorgi Mamardashvili,Georgia,Goalkeeper,23,Valencia,Spain,Liverpool,Permanent,30.0,45.0,,,,,,,unmatched
2024-25,Summer,Federico Chiesa,Italy,Right Winger,26,Juventus,Italy,Liverpool,Permanent,12.0,35.0,Federico Chiesa,6,103,7,6.12,1.714,exact
2024-25,Summer,Savinho,Brazil,Left Winger,20,ESTAC Troyes,France,Manchester City,Permanent,25.0,50.0,Sávio 'Savinho' Moreira de Oliveira,29,1760,106,5.42,0.236,token_subset
2024-25,Summer,Leny Yoro,France,Centre-Back,18,LOSC Lille,France,Manchester United,Permanent,62.0,50.0,Leny Yoro,21,1160,22,1.71,2.818,exact
2024-25,Summer,Manuel Ugarte,Uruguay,Defensive Midfield,23,Paris Saint-Germain,France,Manchester United,Permanent,50.0,45.0,Manuel Ugarte,29,1777,49,2.48,1.02,exact
2024-25,Summer,Matthijs de Ligt,Netherlands,Centre-Back,25,Bayern Munich,Germany,Manchester United,Permanent,45.0,65.0,Matthijs de Ligt,29,2119,68,2.89,0.662,exact
2024-25,Summer,Joshua Zirkzee,Netherlands,Centre-Forward,23,Bologna FC 1909,Italy,Manchester United,Permanent,42.5,50.0,Joshua Zirkzee,32,1385,64,4.16,0.664,exact
2024-25,Summer,Noussair Mazraoui,Morocco,Right-Back,26,Bayern Munich,Germany,Manchester United,Permanent,15.0,30.0,Noussair Mazraoui,37,2836,88,2.79,0.17,exact
2024-25,Summer,Lewis Hall,England,Left-Back,19,Chelsea,England,Newcastle United,Permanent,33.0,18.0,Lewis Hall,27,2188,102,4.2,0.324,exact
2024-25,Summer,Odysseas Vlachodimos,Greece,Goalkeeper,30,Nottingham Forest,England,Newcastle United,Permanent,23.6,7.0,Odysseas Vlachodimos,0,0,0,,,exact
2024-25,Summer,William Osula,Denmark,Centre-Forward,21,Sheffield United,England,Newcastle United,Permanent,11.6,3.0,William Osula,14,124,19,13.79,0.611,exact
2024-25,Summer,Elliot Anderson,England,Central Midfield,21,Newcastle United,England,Nottingham Forest,Permanent,41.2,15.0,Elliot Anderson,37,2726,107,3.53,0.385,exact
2024-25,Summer,Nikola Milenković,Serbia,Centre-Back,26,ACF Fiorentina,Italy,Nottingham Forest,Permanent,12.3,15.0,Nikola Milenković,37,3330,145,3.92,0.085,exact
2024-25,Summer,Ramón Sosa,Paraguay,Left Winger,24,CA Talleres,Argentina,Nottingham Forest,Permanent,12.0,13.0,Ramón Sosa,19,280,25,8.04,0.48,exact
2024-25,Summer,Morato,Brazil,Centre-Back,23,SL Benfica,Portugal,Nottingham Forest,Permanent,11.0,15.0,,,,,,,unmatched
2024-25,Summer,David Carmo,Angola,Centre-Back,25,Porto,Portugal,Nottingham Forest,Permanent,11.0,12.0,,,,,,,unmatched
2024-25,Summer,Jota Silva,Portugal,Right Winger,25,Vitória Guimarães,Portugal,Nottingham Forest,Permanent,7.0,12.0,,,,,,,unmatched
2024-25,Summer,Marko Stamenic,New Zealand,Central Midfield,22,Red Star Belgrade,Serbia,Nottingham Forest,Permanent,5.5,5.0,,,,,,,unmatched
2024-25,Summer,Carlos Miguel,Brazil,Goalkeeper,25,Sport Club Corinthians Paulista,Brazil,Nottingham Forest,Permanent,4.0,4.0,Carlos Miguel dos Santos Pereira,0,0,0,,,token_subset
2024-25,Summer,Eric da Silva Moreira,Germany,Right-Back,18,St. Pauli,Germany,Nottingham Forest,Permanent,1.5,1.0,Eric da Silva Moreira,2,28,2,,0.75,exact
2024-25,Summer,Taylor Harwood-Bellis,England,Centre-Back,22,Manchester City,England,Southampton,Permanent,23.0,22.0,Taylor Harwood-Bellis,34,2824,55,1.75,0.418,exact
2024-25,Summer,Aaron Ramsdale,England,Goalkeeper,26,Arsenal,England,Southampton,Permanent,21.4,25.0,Aaron Ramsdale,30,2700,97,3.23,0.221,exact
2024-25,Summer,Flynn Downes,England,Defensive Midfield,25,West Ham United,England,Southampton,Permanent,17.85,9.0,Flynn Downes,27,2149,48,2.01,0.372,exact
2024-25,Summer,Cameron Archer,England,Centre-Forward,22,Aston Villa,England,Southampton,Permanent,17.6,13.0,Cameron Archer,35,1421,57,3.61,0.309,exact
2024-25,Summer,Mateus Fernandes,Portugal,Central Midfield,20,Sporting CP,Portugal,Southampton,Permanent,15.0,8.0,Mateus Gonçalo Espanha Fernandes,36,2911,95,2.94,0.158,token_subset
2024-25,Summer,Ben Brereton Díaz,Chile,Centre-Forward,25,Villarreal,Spain,Southampton,Permanent,8.3,8.0,Ben Brereton Díaz,10,446,13,2.62,0.638,exact
2024-25,Summer,Yukinari Sugawara,Japan,Right-Back,24,AZ Alkmaar,Netherlands,Southampton,Permanent,7.0,12.0,Sugawara Yukinari,30,1548,43,2.5,0.163,token_subset
2024-25,Summer,Nathan Wood,England,Centre-Back,22,Swansea City,England,Southampton,Permanent,3.5,3.8,Nathan Wood-Gordon,11,771,14,1.63,0.25,token_subset
2024-25,Summer,Ronnie Edwards,England,Centre-Back,21,Peterborough United,England,Southampton,Permanent,3.5,3.8,Ronnie Edwards,1,12,1,,3.5,exact
2024-25,Summer,Juan,Brazil,Centre-Forward,22,São Paulo Futebol Clube,Brazil,Southampton,Permanent,0.9,0.8,Juan Larios López,0,0,0,,,token_subset
2024-25,Summer,Dominic Solanke,England,Centre-Forward,26,Bournemouth,England,Tottenham Hotspur,Permanent,64.3,40.0,Dominic Solanke-Mitchell,27,2199,108,4.42,0.595,token_subset
2024-25,Summer,Archie Gray,England,Right-Back,18,Leeds United,England,Tottenham Hotspur,Permanent,41.25,18.0,Archie Gray,28,1750,45,2.31,0.917,exact
2024-25,Summer,Wilson Odobert,France,Left Winger,19,Burnley,England,Tottenham Hotspur,Permanent,29.3,10.0,Wilson Odobert,16,843,34,3.63,0.862,exact
2024-25,Summer,Lucas Bergvall,Sweden,Central Midfield,18,Djurgårdens IF,Sweden,Tottenham Hotspur,Permanent,20.0,10.0,Lucas Bergvall,27,1200,44,3.3,0.455,exact
2024-25,Summer,Maximilian Kilman,England,Centre-Back,27,Wolverhampton Wanderers,England,West Ham United,Permanent,47.5,32.0,Max Kilman,38,3348,82,2.2,0.579,surname_verified
2024-25,Summer,Crysencio Summerville,Netherlands,Left Winger,22,Leeds United,England,West Ham United,Permanent,29.3,20.0,Crysencio Summerville,19,776,33,3.83,0.888,exact
2024-25,Summer,Niclas Füllkrug,Germany,Centre-Forward,31,Borussia Dortmund,Germany,West Ham United,Permanent,27.0,15.0,Niclas Füllkrug,18,783,42,4.83,0.643,exact
2024-25,Summer,Luis Guilherme,Brazil,Right Winger,18,Sociedade Esportiva Palmeiras,Brazil,West Ham United,Permanent,23.0,24.0,Luis Guilherme Lira dos Santos,12,139,12,7.77,1.917,token_subset
2024-25,Summer,Aaron Wan-Bissaka,DR Congo,Right-Back,26,Manchester United,England,West Ham United,Permanent,17.6,20.0,Aaron Wan-Bissaka,36,3154,118,3.37,0.149,exact
2024-25,Summer,André,Brazil,Defensive Midfield,23,Fluminense Football Club,Brazil,Wolverhampton Wanderers,Permanent,22.0,25.0,André Trindade da Costa Neto,33,2472,61,2.22,0.361,manual_override
2024-25,Summer,Rodrigo Gomes,Portugal,Left Midfield,20,SC Braga,Portugal,Wolverhampton Wanderers,Permanent,15.0,12.0,Rodrigo Martins Gomes,25,794,42,4.76,0.357,token_subset
2024-25,Summer,Sam Johnstone,England,Goalkeeper,31,Crystal Palace,England,Wolverhampton Wanderers,Permanent,11.9,10.0,Sam Johnstone,7,630,12,1.71,0.992,exact
2024-25,Summer,Pedro Lima,Brazil,Right-Back,18,Sport Club do Recife,Brazil,Wolverhampton Wanderers,Permanent,10.0,2.5,Pedro Cardoso de Lima,3,69,2,,5.0,token_subset
2024-25,Summer,Tommy Doyle,England,Central Midfield,22,Manchester City,England,Wolverhampton Wanderers,Permanent,5.0,10.0,Tommy Doyle,24,474,28,5.32,0.179,exact
2024-25,Summer,Bastien Meupiyou,France,Centre-Back,18,Nantes,France,Wolverhampton Wanderers,Permanent,5.0,0.8,Bastien Meupiyou,0,0,0,,,exact
2025-26,Summer,Martín Zubimendi,Spain,Defensive Midfield,26,Real Sociedad,Spain,Arsenal,Permanent,70.0,60.0,Martín Zubimendi Ibáñez,38,2991,133,4.0,0.526,token_subset
2025-26,Summer,Eberechi Eze,England,Attacking Midfield,27,Crystal Palace,England,Arsenal,Permanent,69.3,55.0,Eberechi Eze,33,1885,113,5.4,0.613,exact
2025-26,Summer,Viktor Gyökeres,Sweden,Centre-Forward,27,Sporting CP,Portugal,Arsenal,Permanent,65.8,75.0,Viktor Gyökeres,36,2217,128,5.2,0.514,exact
2025-26,Summer,Noni Madueke,England,Right Winger,23,Chelsea,England,Arsenal,Permanent,56.0,40.0,Noni Madueke,26,1205,72,5.38,0.778,exact
2025-26,Summer,Cristhian Mosquera,Spain,Centre-Back,21,Valencia,Spain,Arsenal,Permanent,15.0,30.0,Cristhian Mosquera,20,986,40,3.65,0.375,exact
2025-26,Summer,Christian Nørgaard,Denmark,Defensive Midfield,31,Brentford,England,Arsenal,Permanent,11.6,11.0,Christian Nørgaard,7,101,7,6.24,1.657,exact
2025-26,Summer,Kepa Arrizabalaga,Spain,Goalkeeper,30,Chelsea,England,Arsenal,Permanent,5.8,10.0,Kepa Arrizabalaga Revuelta,1,90,2,2.0,2.9,token_subset
2025-26,Summer,Evann Guessand,Cote d'Ivoire,Centre-Forward,24,OGC Nice,France,Aston Villa,Permanent,30.0,25.0,Evann Guessand,21,909,44,4.36,0.682,exact
2025-26,Summer,Marco Bizot,Netherlands,Goalkeeper,34,Stade Brestois 29,France,Aston Villa,Permanent,0.5,3.0,Marco Bizot,7,585,16,2.46,0.031,exact
2025-26,Summer,Bafodé Diakité,France,Centre-Back,24,LOSC Lille,France,Bournemouth,Permanent,35.0,28.0,Bafodé Diakité,18,1275,46,3.25,0.761,exact
2025-26,Summer,Djordje Petrovic,Serbia,Goalkeeper,25,Chelsea,England,Bournemouth,Permanent,28.9,20.0,Đorđe Petrović,38,3420,124,3.26,0.233,surname_verified
2025-26,Summer,Ben Gannon-Doak,Scotland,Right Winger,19,Liverpool,England,Bournemouth,Permanent,23.2,14.0,Ben Gannon-Doak,8,105,11,9.43,2.109,exact
2025-26,Summer,Amine Adli,Morocco,Left Winger,25,Bayer 04 Leverkusen,Germany,Bournemouth,Permanent,21.0,18.0,Amine Adli,31,1074,67,5.61,0.313,exact
2025-26,Summer,Veljko Milosavljevic,Serbia,Centre-Back,18,Red Star Belgrade,Serbia,Bournemouth,Permanent,15.0,1.0,Veljko Milosavljevic,7,367,19,4.66,0.789,exact
2025-26,Summer,Adrien Truffert,France,Left-Back,23,Stade Rennais,France,Bournemouth,Permanent,13.5,15.0,Adrien Truffert,38,3378,165,4.4,0.082,exact
2025-26,Summer,Dango Ouattara,Burkina Faso,Left Winger,23,Bournemouth,England,Brentford,Permanent,42.8,28.0,Dango Ouattara,32,2271,136,5.39,0.315,exact
2025-26,Summer,Antoni Milambo,Netherlands,Attacking Midfield,20,Feyenoord Rotterdam,Netherlands,Brentford,Permanent,20.0,18.0,Antoni Milambo,1,45,1,,20.0,exact
2025-26,Summer,Michael Kayode,Italy,Right-Back,20,ACF Fiorentina,Italy,Brentford,Permanent,17.5,18.0,Michael Kayode,37,3258,113,3.12,0.155,exact
2025-26,Summer,Caoimhín Kelleher,Ireland,Goalkeeper,26,Liverpool,England,Brentford,Permanent,14.8,20.0,Caoimhín Kelleher,37,3330,143,3.86,0.103,exact
2025-26,Summer,Romelle Donovan,England,Right Winger,18,Birmingham City,England,Brentford,Permanent,3.6,0.8,Romelle Donovan,4,38,4,,0.9,exact
2025-26,Summer,Charalampos Kostoulas,Greece,Centre-Forward,18,Olympiacos Piraeus,Greece,Brighton & Hove Albion,Permanent,35.0,12.0,Charalampos Kostoulas,21,351,35,8.97,1.0,exact
2025-26,Summer,Maxim De Cuyper,Belgium,Left-Back,24,Club Brugge KV,Belgium,Brighton & Hove Albion,Permanent,20.0,16.0,Maxim De Cuyper,30,1404,84,5.38,0.238,exact
2025-26,Summer,Tom Watson,England,Left Winger,19,Sunderland,England,Brighton & Hove Albion,Permanent,12.0,8.0,Tom Watson,6,57,5,,2.4,exact
2025-26,Summer,Diego Coppola,Italy,Centre-Back,21,Hellas Verona,Italy,Brighton & Hove Albion,Permanent,11.0,10.0,Diego Coppola,5,193,10,4.66,1.1,exact
2025-26,Summer,Do-young Yoon,"Korea, South",Right Winger,18,Daejeon Hana Citizen,"Korea, South",Brighton & Hove Albion,Permanent,2.0,0.8,,,,,,,unmatched
2025-26,Summer,Lesley Ugochukwu,France,Defensive Midfield,21,Chelsea,England,Burnley,Permanent,28.7,18.0,Lesley Ugochukwu,35,2330,97,3.75,0.296,exact
2025-26,Summer,Armando Broja,Albania,Centre-Forward,23,Chelsea,England,Burnley,Permanent,23.0,12.0,Armando Broja,24,843,43,4.59,0.535,exact
2025-26,Summer,Loum Tchaouna,France,Right Winger,21,SS Lazio,Italy,Burnley,Permanent,15.15,10.0,Loum Tchaouna,29,1259,59,4.22,0.257,exact
2025-26,Summer,Bashir Humphreys,England,Centre-Back,22,Chelsea,England,Burnley,Permanent,14.0,7.0,Bashir Humphreys,20,1574,47,2.69,0.298,exact
2025-26,Summer,Marcus Edwards,England,Right Winger,26,Sporting CP,Portugal,Burnley,Permanent,10.0,12.0,Marcus Edwards,23,1058,51,4.34,0.196,exact
2025-26,Summer,Quilindschy Hartman,Netherlands,Left-Back,23,Feyenoord Rotterdam,Netherlands,Burnley,Permanent,10.0,14.0,Quilindschy Hartman,21,1825,63,3.11,0.159,exact
2025-26,Summer,Jaidon Anthony,England,Left Winger,25,Bournemouth,England,Burnley,Permanent,9.5,9.0,Jaidon Anthony,37,2717,127,4.21,0.075,exact
2025-26,Summer,Zian Flemming,Netherlands,Centre-Forward,26,Millwall,England,Burnley,Permanent,8.3,6.5,Zian Flemming,29,1764,99,5.05,0.084,exact
2025-26,Summer,Jacob Bruun Larsen,Denmark,Left Winger,26,VfB Stuttgart,Germany,Burnley,Permanent,4.0,5.0,Jacob Bruun Larsen,28,1014,41,3.64,0.098,exact
2025-26,Summer,Max Weiß,Germany,Goalkeeper,21,Karlsruher,Germany,Burnley,Permanent,4.0,4.0,Max Weiß,3,270,7,2.33,0.571,exact
2025-26,Summer,João Pedro,Brazil,Centre-Forward,23,Brighton & Hove Albion,England,Chelsea,Permanent,63.7,50.0,João Pedro Junqueira de Jesus,35,2658,177,5.99,0.36,manual_override
2025-26,Summer,Jamie Gittens,England,Left Winger,20,Borussia Dortmund,Germany,Chelsea,Permanent,56.0,50.0,Jamie Bynoe-Gittens,16,486,25,4.63,2.24,token_subset
2025-26,Summer,Alejandro Garnacho,Argentina,Left Winger,21,Manchester United,England,Chelsea,Permanent,46.2,45.0,Alejandro Garnacho Ferreyra,24,1261,56,4.0,0.825,token_subset
2025-26,Summer,Estêvão,Brazil,Right Winger,18,Sociedade Esportiva Palmeiras,Brazil,Chelsea,Permanent,45.0,60.0,Estêvão Almeida de Oliveira Gonçalves,22,839,58,6.22,0.776,token_subset
2025-26,Summer,Jorrel Hato,Netherlands,Left-Back,19,Ajax Amsterdam,Netherlands,Chelsea,Permanent,44.18,35.0,Jorrel Hato,22,1139,19,1.5,2.325,exact
2025-26,Summer,Liam Delap,England,Centre-Forward,22,Ipswich Town,England,Chelsea,Permanent,35.5,40.0,Liam Delap,28,1092,45,3.71,0.789,exact
2025-26,Summer,Dário Essugo,Portugal,Defensive Midfield,20,Sporting CP,Portugal,Chelsea,Permanent,22.27,20.0,Dário Luís Essugo,3,26,1,,22.27,token_subset
2025-26,Summer,Mamadou Sarr,France,Centre-Back,19,RC Strasbourg Alsace,France,Chelsea,Permanent,14.0,20.0,Mamadou Sarr,3,100,3,2.7,4.667,exact
2025-26,Summer,Kendry Páez,Ecuador,Attacking Midfield,18,Independiente del Valle,Ecuador,Chelsea,Permanent,10.0,10.0,Kendry Páez Andrade,0,0,0,,,token_subset
2025-26,Summer,Yéremy Pino,Spain,Right Winger,22,Villarreal,Spain,Crystal Palace,Permanent,30.0,30.0,Yéremy Pino Santos,34,2074,77,3.34,0.39,token_subset
2025-26,Summer,Jaydee Canvot,France,Centre-Back,19,Toulouse,France,Crystal Palace,Permanent,23.0,4.0,Jaydee Canvot,20,1331,72,4.87,0.319,exact
2025-26,Summer,Borna Sosa,Croatia,Left-Back,27,Ajax Amsterdam,Netherlands,Crystal Palace,Permanent,2.3,4.5,Borna Sosa,7,99,6,5.45,0.383,exact
2025-26,Summer,Tyler Dibling,England,Right Winger,19,Southampton,England,Everton,Permanent,40.5,25.0,Tyler Dibling,14,349,18,4.64,2.25,exact
2025-26,Summer,Thierno Barry,France,Centre-Forward,22,Villarreal,Spain,Everton,Permanent,30.0,20.0,Thierno Barry,38,1898,95,4.5,0.316,exact
2025-26,Summer,Kiernan Dewsbury-Hall,England,Central Midfield,26,Chelsea,England,Everton,Permanent,28.65,20.0,Kiernan Dewsbury-Hall,31,2629,151,5.17,0.19,exact
2025-26,Summer,Carlos Alcaraz,Argentina,Central Midfield,22,CR Flamengo,Brazil,Everton,Permanent,15.0,14.0,Carlos Alcaraz Durán,20,679,29,3.84,0.517,token_subset
2025-26,Summer,Adam Aznou,Morocco,Left-Back,19,Bayern Munich,Germany,Everton,Permanent,9.0,4.0,Adam Aznou,0,0,0,,,exact
2025-26,Summer,Mark Travers,Ireland,Goalkeeper,26,Bournemouth,England,Everton,Permanent,4.6,4.0,Mark Travers,0,0,0,,,exact
2025-26,Summer,Kevin,Brazil,Left Winger,22,Shakhtar Donetsk,Ukraine,Fulham,Permanent,40.0,12.0,Kevin Santos Lopes de Macedo,26,1030,49,4.28,0.816,manual_override
2025-26,Summer,Benjamin Lecomte,France,Goalkeeper,34,Montpellier HSC,France,Fulham,Permanent,0.5,1.5,Benjamin Lecomte,0,0,0,,,exact
2025-26,Summer,Anton Stach,Germany,Defensive Midfield,26,TSG 1899 Hoffenheim,Germany,Leeds United,Permanent,20.0,14.0,Anton Stach,29,2369,137,5.2,0.146,exact
2025-26,Summer,Noah Okafor,Switzerland,Left Winger,25,AC Milan,Italy,Leeds United,Permanent,19.0,13.0,Noah Okafor,28,1553,109,6.32,0.174,exact
2025-26,Summer,Jaka Bijol,Slovenia,Centre-Back,26,Udinese Calcio,Italy,Leeds United,Permanent,18.0,18.0,Jaka Bijol,25,1888,99,4.72,0.182,exact
2025-26,Summer,Lucas Perri,Brazil,Goalkeeper,27,Olympique Lyon,France,Leeds United,Permanent,16.0,10.0,Lucas Estella Perri,16,1440,43,2.69,0.372,token_subset
2025-26,Summer,Sean Longstaff,England,Central Midfield,27,Newcastle United,England,Leeds United,Permanent,13.8,20.0,Sean Longstaff,23,1003,56,5.02,0.246,exact
2025-26,Summer,Gabriel Gudmundsson,Sweden,Left-Back,26,LOSC Lille,France,Leeds United,Permanent,11.6,7.0,Gabriel Gudmundsson,32,2637,68,2.32,0.171,exact
2025-26,Summer,James Justin,England,Right-Back,27,Leicester City,England,Leeds United,Permanent,9.3,13.0,James Justin,29,1893,94,4.47,0.099,exact
2025-26,Summer,Sebastiaan Bornauw,Belgium,Centre-Back,26,VfL Wolfsburg,Germany,Leeds United,Permanent,6.0,6.0,Sebastiaan Bornauw,12,429,25,5.24,0.24,exact
2025-26,Summer,Alexander Isak,Sweden,Centre-Forward,25,Newcastle United,England,Liverpool,Permanent,145.0,120.0,Alexander Isak,14,694,41,5.32,3.537,exact
2025-26,Summer,Florian Wirtz,Germany,Attacking Midfield,22,Bayer 04 Leverkusen,Germany,Liverpool,Permanent,125.0,140.0,Florian Wirtz,33,2374,125,4.74,1.0,exact
2025-26,Summer,Hugo Ekitiké,France,Centre-Forward,23,Eintracht Frankfurt,Germany,Liverpool,Permanent,95.0,75.0,Hugo Ekitiké,28,1797,125,6.26,0.76,exact
2025-26,Summer,Milos Kerkez,Hungary,Left-Back,21,Bournemouth,England,Liverpool,Permanent,46.9,45.0,Milos Kerkez,34,2251,85,3.4,0.552,exact
2025-26,Summer,Jeremie Frimpong,Netherlands,Right-Back,24,Bayer 04 Leverkusen,Germany,Liverpool,Permanent,40.0,50.0,Jeremie Frimpong,21,1032,63,5.49,0.635,exact
2025-26,Summer,Giovanni Leoni,Italy,Centre-Back,18,Parma Calcio 1913,Italy,Liverpool,Permanent,31.0,18.0,Giovanni Leoni,0,0,0,,,exact
2025-26,Summer,Tijjani Reijnders,Netherlands,Central Midfield,26,AC Milan,Italy,Manchester City,Permanent,55.0,50.0,Tijjani Reijnders,28,1623,92,5.1,0.598,exact
2025-26,Summer,Rayan Aït-Nouri,Algeria,Left-Back,24,Wolverhampton Wanderers,England,Manchester City,Permanent,36.8,35.0,Rayan Aït-Nouri,17,971,60,5.56,0.613,exact
2025-26,Summer,Rayan Cherki,France,Right Winger,21,Olympique Lyon,France,Manchester City,Permanent,36.5,45.0,Rayan Cherki,33,1772,135,6.86,0.27,exact
2025-26,Summer,James Trafford,England,Goalkeeper,22,Burnley,England,Manchester City,Permanent,31.2,22.0,James Trafford,4,360,13,3.25,2.4,exact
2025-26,Summer,Gianluigi Donnarumma,Italy,Goalkeeper,26,Paris Saint-Germain,France,Manchester City,Permanent,30.0,40.0,Gianluigi Donnarumma,34,3060,135,3.97,0.222,exact
2025-26,Summer,Sverre Nypan,Norway,Central Midfield,18,Rosenborg BK,Norway,Manchester City,Permanent,15.0,15.0,Sverre Nypan,0,0,0,,,exact
2025-26,Summer,Marcus Bettinelli,England,Goalkeeper,33,Chelsea,England,Manchester City,Permanent,2.4,0.6,Marcus Bettinelli,0,0,0,,,exact
2025-26,Summer,Benjamin Šeško,Slovenia,Centre-Forward,22,RB Leipzig,Germany,Manchester United,Permanent,76.5,70.0,Benjamin Sesko,30,1630,111,6.13,0.689,exact
2025-26,Summer,Bryan Mbeumo,Cameroon,Right Winger,25,Brentford,England,Manchester United,Permanent,75.0,55.0,Bryan Mbeumo,33,2611,148,5.1,0.507,exact
2025-26,Summer,Matheus Cunha,Brazil,Second Striker,26,Wolverhampton Wanderers,England,Manchester United,Permanent,74.2,60.0,Matheus Santos Carneiro da Cunha,33,2493,143,5.16,0.519,token_subset
2025-26,Summer,Senne Lammens,Belgium,Goalkeeper,23,Royal Antwerp,Belgium,Manchester United,Permanent,21.0,9.0,Senne Lammens,32,2880,109,3.41,0.193,exact
2025-26,Summer,Diego León,Paraguay,Left-Back,18,Club Cerro Porteño,Paraguay,Manchester United,Permanent,4.0,4.0,Diego León Blanco,0,0,0,,,token_subset
2025-26,Summer,Nick Woltemade,Germany,Centre-Forward,23,VfB Stuttgart,Germany,Newcastle United,Permanent,75.0,30.0,Nick Woltemade,33,1896,108,5.13,0.694,exact
2025-26,Summer,Anthony Elanga,Sweden,Right Winger,23,Nottingham Forest,England,Newcastle United,Permanent,61.4,42.0,Anthony Elanga,32,1302,48,3.32,1.279,exact
2025-26,Summer,Yoane Wissa,DR Congo,Centre-Forward,28,Brentford,England,Newcastle United,Permanent,57.7,32.0,Yoane Wissa,19,517,27,4.7,2.137,exact
2025-26,Summer,Jacob Ramsey,England,Central Midfield,24,Aston Villa,England,Newcastle United,Permanent,45.15,32.0,Jacob Ramsey,28,1441,62,3.87,0.728,exact
2025-26,Summer,Malick Thiaw,Germany,Centre-Back,24,AC Milan,Italy,Newcastle United,Permanent,35.0,18.0,Malick Thiaw,35,2963,126,3.83,0.278,exact
2025-26,Summer,Omari Hutchinson,England,Attacking Midfield,21,Ipswich Town,England,Nottingham Forest,Permanent,43.4,22.0,Omari Hutchinson,31,1676,82,4.4,0.529,exact
2025-26,Summer,Dan Ndoye,Switzerland,Right Winger,24,Bologna FC 1909,Italy,Nottingham Forest,Permanent,42.0,35.0,Dan Ndoye,24,1167,50,3.86,0.84,exact
2025-26,Summer,Dilane Bakwa,France,Right Winger,23,RC Strasbourg Alsace,France,Nottingham Forest,Permanent,35.0,25.0,Dilane Bakwa,14,549,26,4.26,1.346,exact
2025-26,Summer,Arnaud Kalimuendo,France,Centre-Forward,23,Stade Rennais,France,Nottingham Forest,Permanent,30.0,22.0,Arnaud Kalimuendo,9,89,9,,3.333,exact
2025-26,Summer,James McAtee,England,Attacking Midfield,22,Manchester City,England,Nottingham Forest,Permanent,25.5,20.0,James McAtee,14,288,17,5.31,1.5,exact
2025-26,Summer,Igor Jesus,Brazil,Centre-Forward,24,Botafogo de Futebol e Regatas,Brazil,Nottingham Forest,Permanent,19.0,15.0,Igor Jesus Maciel da Cruz,37,2293,114,4.47,0.167,token_subset
2025-26,Summer,Nicolò Savona,Italy,Right-Back,22,Juventus,Italy,Nottingham Forest,Permanent,13.0,12.0,Nicolò Savona,14,1025,39,3.42,0.333,exact
2025-26,Summer,Jair Cunha,Brazil,Centre-Back,20,Botafogo de Futebol e Regatas,Brazil,Nottingham Forest,Permanent,12.0,13.0,Jair Paula da Cunha Filho,9,514,13,2.28,0.923,token_subset
2025-26,Summer,John Victor,Brazil,Goalkeeper,29,Botafogo de Futebol e Regatas,Brazil,Nottingham Forest,Permanent,8.0,8.0,John Victor Maciel Furtado,5,437,11,2.27,0.727,token_subset
2025-26,Summer,Cuiabano,Brazil,Left-Back,22,Botafogo de Futebol e Regatas,Brazil,Nottingham Forest,Permanent,6.0,8.0,,,,,,,unmatched
2025-26,Summer,Habib Diarra,Senegal,Central Midfield,21,RC Strasbourg Alsace,France,Sunderland,Permanent,31.5,20.0,Habib Diarra,20,1403,65,4.17,0.485,exact
2025-26,Summer,Simon Adingra,Cote d'Ivoire,Left Winger,23,Brighton & Hove Albion,England,Sunderland,Permanent,24.4,28.0,Simon Adingra,14,649,34,4.71,0.718,exact
2025-26,Summer,Enzo Le Fée,France,Central Midfield,25,AS Roma,Italy,Sunderland,Permanent,23.0,18.0,Enzo Le Fée,36,2930,147,4.52,0.156,exact
2025-26,Summer,Brian Brobbey,Netherlands,Centre-Forward,23,Ajax Amsterdam,Netherlands,Sunderland,Permanent,20.0,22.0,Brian Brobbey,31,1920,92,4.31,0.217,exact
2025-26,Summer,Chemsdine Talbi,Morocco,Right Winger,20,Club Brugge KV,Belgium,Sunderland,Permanent,20.0,8.0,Chemsdine Talbi,28,1553,83,4.81,0.241,exact
2025-26,Summer,Noah Sadiki,DR Congo,Central Midfield,20,Union Saint-Gilloise,Belgium,Sunderland,Permanent,17.0,12.0,Noah Sadiki,33,2891,80,2.49,0.212,exact
2025-26,Summer,Granit Xhaka,Switzerland,Defensive Midfield,32,Bayer 04 Leverkusen,Germany,Sunderland,Permanent,15.0,12.0,Granit Xhaka,34,2901,124,3.85,0.121,exact
2025-26,Summer,Nordi Mukiele,France,Right-Back,27,Paris Saint-Germain,France,Sunderland,Permanent,12.0,10.0,Nordi Mukiele,32,2784,151,4.88,0.079,exact
2025-26,Summer,Omar Alderete,Paraguay,Centre-Back,28,Getafe,Spain,Sunderland,Permanent,11.6,8.0,Omar Alderete,33,2797,125,4.02,0.093,exact
2025-26,Summer,Robin Roefs,Netherlands,Goalkeeper,22,NEC Nijmegen,Netherlands,Sunderland,Permanent,10.5,4.0,Robin Roefs,35,3150,136,3.89,0.077,exact
2025-26,Summer,Bertrand Traoré,Burkina Faso,Right Winger,29,Ajax Amsterdam,Netherlands,Sunderland,Permanent,2.9,8.0,Bertrand Traoré,12,634,30,4.26,0.097,exact
2025-26,Summer,Xavi Simons,Netherlands,Attacking Midfield,22,RB Leipzig,Germany,Tottenham Hotspur,Permanent,65.0,70.0,Xavi Simons,28,1747,80,4.12,0.812,exact
2025-26,Summer,Mohammed Kudus,Ghana,Right Winger,24,West Ham United,England,Tottenham Hotspur,Permanent,63.8,45.0,Mohammed Kudus,19,1535,75,4.4,0.851,exact
2025-26,Summer,Mathys Tel,France,Centre-Forward,20,Bayern Munich,Germany,Tottenham Hotspur,Permanent,35.0,35.0,Mathys Tel,31,1334,78,5.26,0.449,exact
2025-26,Summer,Kevin Danso,Austria,Centre-Back,26,RC Lens,France,Tottenham Hotspur,Permanent,25.0,25.0,Kevin Danso,24,1489,63,3.81,0.397,exact
2025-26,Summer,Luka Vuskovic,Croatia,Centre-Back,18,HNK Hajduk Split,Croatia,Tottenham Hotspur,Permanent,11.0,12.0,Luka Vušković,0,0,0,,,exact
2025-26,Summer,Kota Takai,Japan,Centre-Back,20,Kawasaki Frontale,Japan,Tottenham Hotspur,Permanent,5.8,2.5,Takai Kōta,0,0,0,,,token_subset
2025-26,Summer,Mateus Fernandes,Portugal,Central Midfield,21,Southampton,England,West Ham United,Permanent,44.0,15.0,Mateus Gonçalo Espanha Fernandes,36,3017,135,4.03,0.326,token_subset
2025-26,Summer,Jean-Clair Todibo,France,Centre-Back,25,OGC Nice,France,West Ham United,Permanent,40.0,25.0,Jean-Clair Todibo,23,1817,46,2.28,0.87,exact
2025-26,Summer,El Hadji Malick Diouf,Senegal,Left-Back,20,SK Slavia Prague,Czech Republic,West Ham United,Permanent,22.0,18.0,El Hadji Malick Diouf,32,2706,104,3.46,0.212,exact
2025-26,Summer,Mads Hermansen,Denmark,Goalkeeper,25,Leicester City,England,West Ham United,Permanent,20.8,15.0,Mads Hermansen,18,1620,76,4.22,0.274,exact
2025-26,Summer,Soungoutou Magassa,France,Defensive Midfield,21,AS Monaco,France,West Ham United,Permanent,17.0,12.0,Soungoutou Magassa,22,971,42,3.89,0.405,exact
2025-26,Summer,Jørgen Strand Larsen,Norway,Centre-Forward,25,Celta de Vigo,Spain,Wolverhampton Wanderers,Permanent,27.0,30.0,Jørgen Strand Larsen,36,2301,75,2.93,0.36,exact
2025-26,Summer,Tolu Arokodare,Nigeria,Centre-Forward,24,KRC Genk,Belgium,Wolverhampton Wanderers,Permanent,26.0,18.0,Tolu Arokodare,33,1402,66,4.24,0.394,exact
2025-26,Summer,Fer López,Spain,Attacking Midfield,21,Celta de Vigo,Spain,Wolverhampton Wanderers,Permanent,23.0,5.0,Fer López González,9,228,12,4.74,1.917,token_subset
2025-26,Summer,Jhon Arias,Colombia,Right Winger,27,Fluminense Football Club,Brazil,Wolverhampton Wanderers,Permanent,17.0,17.0,Jhon Arias,23,1117,45,3.63,0.378,exact
2025-26,Summer,Jackson Tchatchoua,Cameroon,Right-Back,23,Hellas Verona,Italy,Wolverhampton Wanderers,Permanent,12.5,8.0,Jackson Tchatchoua,31,1834,52,2.55,0.24,exact
2025-26,Summer,David Møller Wolfe,Norway,Left-Back,23,AZ Alkmaar,Netherlands,Wolverhampton Wanderers,Permanent,12.0,9.0,David Møller Wolfe,22,1042,35,3.02,0.343,exact
