country,Inflation
Brazil,8.30165975585676
Canada,3.39519318527532
Chile,4.52456838259136
Colombia,3.49505757399453
Costa Rica,1.72647755109235
France,1.64233141038392
"Iran, Islamic Rep.",43.3890162681516
Japan,-0.233352779398279
Mexico,5.68920847683764
Nigeria,16.9528457221608
Saudi Arabia,3.06328988941548
South Africa,4.61167217803201
Switzerland,0.581814168489875
Thailand,1.23039541318382
United Kingdom,2.51837109614205
United States,4.69785886363739
